appid,title,releaseDate,price,developer tier,publisher tier,genre,early access,achievement,tag,languages,steam award,DLC,recent positive,all positive,single or multi,positive review,negative review,recent player,peek player,most achieved rate,total_review,is_top_seller,releaseYear,is review positive
10.0,Counter-Strike,2000-11-01,10500.0,1.0,1.0,Action,0.0,0.0,Action,8.0,0.0,0.0,overwhelmingly positive,overwhelmingly positive,,198326.0,5132.0,8957.3,65188.0,,203458.0,1,2000,0.80575716
50.0,Half-Life: Opposing Force,1999-11-01,5500.0,6.0,1.0,Action,0.0,0.0,FPS,4.0,0.0,0.0,very positive,overwhelmingly positive,single only,14316.0,718.0,101.0,620.0,,15034.0,1,1999,0.78949666
70.0,Half-Life,1998-11-09,10500.0,1.0,1.0,Action,0.0,0.0,FPS,8.0,0.0,1.0,overwhelmingly positive,overwhelmingly positive,single only,73270.0,2614.0,678.4,5998.0,,75884.0,1,1998,0.8062878
240.0,Counter-Strike: Source,2004-11-02,10500.0,1.0,1.0,Action,0.0,147.0,Shooter,12.0,0.0,0.0,overwhelmingly positive,overwhelmingly positive,,135132.0,5345.0,5249.4,48458.0,62.6,140477.0,1,2004,0.9949701
380.0,Half-Life 2: Episode One,2006-06-01,8500.0,1.0,1.0,Action,0.0,13.0,FPS,18.0,0.0,1.0,overwhelmingly positive,overwhelmingly positive,single only,20514.0,927.0,140.0,1102.0,60.2,21441.0,1,2006,0.3225396
420.0,Half-Life 2: Episode Two,2007-10-10,8500.0,1.0,1.0,Action,0.0,23.0,FPS,17.0,0.0,1.0,overwhelmingly positive,overwhelmingly positive,single only,28981.0,914.0,171.6,1381.0,91.3,29895.0,1,2007,0.8098799
440.0,Team Fortress 2,2007-10-10,0.0,1.0,1.0,Action,0.0,520.0,Free to Play,26.0,0.0,1.0,very positive,very positive,,823489.0,56682.0,115359.1,150037.0,53.5,880171.0,1,2007,0.62312245
500.0,Left 4 Dead,2008-11-17,10500.0,1.0,1.0,Action,0.0,73.0,Zombies,17.0,0.0,0.0,overwhelmingly positive,overwhelmingly positive,single only,40153.0,1607.0,632.6,2333.0,68.7,41760.0,1,2008,0.9738981
1250.0,Killing Floor,2009-05-14,21000.0,2.0,2.0,Action,0.0,285.0,FPS,8.0,0.0,1.0,very positive,overwhelmingly positive,single only,60433.0,3202.0,241.1,21151.0,68.3,63635.0,1,2009,0.93708223
2620.0,Call of Duty®,2003-10-29,32000.0,2.0,4.0,Action,0.0,0.0,FPS,2.0,0.0,0.0,very positive,very positive,single only,3833.0,216.0,50.2,197.0,,4049.0,1,2003,0.9931004
3320.0,Insaniquarium Deluxe,2006-08-30,5000.0,2.0,2.0,Casual,0.0,0.0,Casual,1.0,0.0,0.0,very positive,overwhelmingly positive,single only,3588.0,124.0,65.9,264.0,,3712.0,1,2006,0.00074622035
3590.0,Plants vs. Zombies GOTY Edition,2009-05-06,5000.0,2.0,2.0,Strategy,0.0,21.0,Tower Defense,1.0,0.0,0.0,overwhelmingly positive,overwhelmingly positive,single only,81224.0,2371.0,3517.5,13028.0,82.5,83595.0,1,2009,0.04813704
4000.0,Garry's Mod,2006-11-29,10500.0,2.0,6.0,Indie,0.0,29.0,Sandbox,25.0,0.0,0.0,overwhelmingly positive,overwhelmingly positive,single and multi,822717.0,29012.0,28775.6,73750.0,87.6,851729.0,1,2006,0.8921621
4500.0,S.T.A.L.K.E.R.: Shadow of Chernobyl,2007-03-20,23000.0,2.0,2.0,Action,0.0,0.0,Atmospheric,8.0,0.0,0.0,very positive,very positive,single only,29072.0,1691.0,365.8,2303.0,,30763.0,1,2007,0.947176
4700.0,Total War: MEDIEVAL II – Definitive Edition,2006-11-15,25000.0,6.0,1.0,Strategy,0.0,0.0,Strategy,9.0,0.0,0.0,overwhelmingly positive,overwhelmingly positive,single only,24380.0,1056.0,2967.9,8419.0,,25436.0,1,2006,0.9866718
7670.0,BioShock™,2007-08-21,21000.0,4.0,1.0,Action,0.0,0.0,FPS,5.0,0.0,0.0,overwhelmingly positive,very positive,single only,26226.0,1545.0,56.9,2625.0,,27771.0,1,2007,0.05900505
8930.0,Sid Meier's Civilization® V,2010-09-24,32000.0,2.0,1.0,Strategy,0.0,286.0,Turn-Based Strategy,10.0,0.0,1.0,overwhelmingly positive,overwhelmingly positive,single only,178687.0,7165.0,15742.7,91020.0,89.1,185852.0,1,2010,0.95771706
9450.0,"Warhammer® 40,000: Dawn of War® - Soulstorm",2008-03-05,14000.0,1.0,1.0,Strategy,0.0,0.0,Warhammer 40K,3.0,0.0,0.0,very positive,overwhelmingly positive,single only,12346.0,587.0,824.8,3245.0,,12933.0,1,2008,0.7067819
22380.0,Fallout: New Vegas,2010-10-22,10500.0,2.0,1.0,Action,0.0,75.0,Open World,5.0,0.0,1.0,overwhelmingly positive,overwhelmingly positive,single only,154923.0,5665.0,4592.1,30309.0,93.1,160588.0,1,2010,0.6246133
32440.0,LEGO® Star Wars™ - The Complete Saga,2009-11-13,20500.0,6.0,6.0,Adventure,0.0,0.0,LEGO,5.0,0.0,0.0,overwhelmingly positive,overwhelmingly positive,single only,18253.0,628.0,312.5,1933.0,,18881.0,1,2009,0.5786755
32510.0,LEGO® Star Wars™ III - The Clone Wars™,2011-03-23,20500.0,6.0,6.0,Action,0.0,0.0,LEGO,6.0,0.0,0.0,very positive,very positive,single and multi,5777.0,340.0,151.0,826.0,,6117.0,1,2011,0.9269782
35140.0,Batman: Arkham Asylum Game of the Year Edition,2010-03-27,21000.0,6.0,1.0,Action,0.0,47.0,Action,5.0,0.0,0.0,overwhelmingly positive,overwhelmingly positive,single only,41993.0,1578.0,574.5,6739.0,74.0,43571.0,1,2010,0.9728466
35700.0,Trine Enchanted Edition,2009-07-02,16000.0,3.0,3.0,Action,0.0,33.0,Puzzle Platformer,5.0,0.0,1.0,very positive,overwhelmingly positive,single and multi,12978.0,559.0,38.6,1186.0,84.5,13537.0,1,2009,0.7789298
35720.0,Trine 2: Complete Story,2013-06-07,5500.0,3.0,3.0,Action,0.0,97.0,Puzzle Platformer,15.0,0.0,1.0,very positive,overwhelmingly positive,single and multi,19522.0,894.0,50.7,3653.0,80.7,20416.0,1,2013,0.9886815
40700.0,Machinarium,2009-10-17,5000.0,2.0,2.0,Adventure,0.0,12.0,Point & Click,15.0,0.0,0.0,overwhelmingly positive,overwhelmingly positive,single only,10331.0,482.0,73.6,720.0,41.0,10813.0,1,2009,0.9726271
40950.0,Stronghold HD,2001-10-19,6500.0,2.0,2.0,Simulation,0.0,0.0,Real Time Tactics,10.0,0.0,1.0,very positive,overwhelmingly positive,single only,7241.0,351.0,178.8,749.0,,7592.0,1,2001,0.6246133
41700.0,S.T.A.L.K.E.R.: Call of Pripyat,2010-02-12,21000.0,2.0,2.0,Action,0.0,0.0,Atmospheric,8.0,0.0,0.0,overwhelmingly positive,overwhelmingly positive,single only,21561.0,1106.0,274.9,1221.0,,22667.0,1,2010,0.9038608
47780.0,Dead Space™ 2,2011-01-28,22000.0,1.0,1.0,Action,0.0,0.0,Horror,6.0,0.0,0.0,very positive,very positive,single only,17720.0,1137.0,168.8,992.0,,18857.0,1,2011,0.3339842
47880.0,Battlefield: Bad Company 2 Vietnam,2010-12-18,6000.0,1.0,1.0,Action,0.0,0.0,Action,7.0,0.0,0.0,,very positive,,215.0,4.0,0.0,2.0,,219.0,1,2010,0.6246133
48700.0,Mount & Blade: Warband,2010-03-31,20000.0,2.0,2.0,Action,0.0,80.0,Medieval,10.0,0.0,1.0,overwhelmingly positive,overwhelmingly positive,single only,139965.0,3221.0,4681.5,32799.0,53.3,143186.0,1,2010,0.8290665
49520.0,Borderlands 2,2012-09-20,21000.0,6.0,1.0,Action,0.0,75.0,Loot,8.0,0.0,1.0,very positive,overwhelmingly positive,single only,247807.0,16591.0,3483.8,123596.0,91.3,264398.0,1,2012,0.0015110373
50130.0,Mafia II (Classic),2011-03-23,35000.0,1.0,1.0,Action,0.0,67.0,Action,8.0,0.0,0.0,very positive,very positive,single only,45690.0,2384.0,253.6,5358.0,92.4,48074.0,1,2011,0.934417
50300.0,Spec Ops: The Line,2012-06-29,32000.0,6.0,1.0,Action,0.0,50.0,Story Rich,6.0,0.0,0.0,very positive,very positive,single only,44909.0,3373.0,87.6,13940.0,82.1,48282.0,1,2012,0.7747179
55230.0,Saints Row: The Third,2011-11-15,10500.0,1.0,1.0,Action,0.0,83.0,Open World,9.0,0.0,1.0,overwhelmingly positive,overwhelmingly positive,single only,62653.0,2673.0,345.8,34254.0,90.0,65326.0,1,2011,0.08368945
65800.0,Dungeon Defenders,2011-10-19,15500.0,6.0,6.0,Action,0.0,118.0,Multiplayer,5.0,0.0,1.0,very positive,very positive,single and multi,14503.0,1105.0,232.1,12467.0,53.6,15608.0,1,2011,0.7714485
105600.0,Terraria,2011-05-16,10500.0,2.0,2.0,Action,0.0,104.0,Open World Survival Craft,9.0,1.0,1.0,overwhelmingly positive,overwhelmingly positive,single and multi,959644.0,20894.0,34090.4,486918.0,85.9,980538.0,1,2011,0.89497584
113200.0,The Binding of Isaac,2011-09-29,5500.0,2.0,2.0,Action,0.0,99.0,Action Roguelike,1.0,0.0,1.0,very positive,overwhelmingly positive,single only,51755.0,2493.0,225.3,12295.0,70.1,54248.0,1,2011,0.68754077
200260.0,Batman: Arkham City - Game of the Year Edition,2012-09-08,21000.0,6.0,1.0,Action,0.0,64.0,Action,8.0,0.0,0.0,overwhelmingly positive,overwhelmingly positive,single only,44991.0,1924.0,689.0,6822.0,84.7,46915.0,1,2012,0.004308969
200510.0,XCOM: Enemy Unknown,2012-10-12,54000.0,2.0,1.0,Strategy,0.0,85.0,Turn-Based Strategy,10.0,0.0,1.0,very positive,very positive,single only,47116.0,2773.0,687.6,70560.0,87.5,49889.0,1,2012,0.14612919
200710.0,Torchlight II,2012-09-21,16000.0,2.0,2.0,Action,0.0,119.0,RPG,7.0,0.0,0.0,very positive,very positive,single only,38104.0,2799.0,329.8,54010.0,82.9,40903.0,1,2012,0.24877676
203160.0,Tomb Raider,2013-03-05,2200.0,1.0,1.0,Action,0.0,50.0,Adventure,13.0,0.0,1.0,overwhelmingly positive,overwhelmingly positive,single only,206396.0,8180.0,777.8,89494.0,57.3,214576.0,1,2013,0.007621497
204360.0,Castle Crashers®,2012-09-27,15500.0,2.0,2.0,Action,0.0,12.0,Co-op,11.0,0.0,1.0,overwhelmingly positive,overwhelmingly positive,single and multi,89410.0,3466.0,907.4,15960.0,49.3,92876.0,1,2012,0.6176749
205100.0,Dishonored,2012-10-10,11530.0,2.0,1.0,Action,0.0,80.0,Stealth,5.0,0.0,1.0,overwhelmingly positive,overwhelmingly positive,single only,66241.0,1693.0,601.9,19930.0,84.8,67934.0,1,2012,0.0052818954
206440.0,To the Moon,2011-11-01,10500.0,2.0,2.0,Adventure,0.0,0.0,Story Rich,13.0,0.0,1.0,overwhelmingly positive,overwhelmingly positive,single only,60018.0,2217.0,98.1,601.0,,62235.0,1,2011,0.99976635
207610.0,The Walking Dead,2012-04-25,15500.0,6.0,3.0,Adventure,0.0,48.0,Zombies,5.0,0.0,1.0,overwhelmingly positive,overwhelmingly positive,single only,56197.0,1732.0,156.1,12067.0,83.5,57929.0,1,2012,0.89467037
208580.0,STAR WARS™ Knights of the Old Republic™ II - The Sith Lords™,2005-02-08,10500.0,2.0,2.0,RPG,0.0,57.0,RPG,5.0,0.0,0.0,very positive,very positive,single only,18710.0,1330.0,683.8,6544.0,66.9,20040.0,1,2005,0.8402972
211820.0,Starbound,2016-07-23,16000.0,1.0,1.0,Action,0.0,51.0,Open World Survival Craft,1.0,0.0,1.0,very positive,very positive,single and multi,145897.0,11330.0,2024.5,88355.0,80.2,157227.0,1,2016,0.864395
212680.0,FTL: Faster Than Light,2012-09-15,10500.0,2.0,2.0,Indie,0.0,51.0,Roguelike,10.0,0.0,1.0,very positive,overwhelmingly positive,single only,62214.0,2684.0,1301.5,18821.0,33.8,64898.0,1,2012,0.6246133
213670.0,South Park™: The Stick of Truth™,2014-03-06,33000.0,2.0,1.0,Action,0.0,50.0,RPG,8.0,0.0,1.0,overwhelmingly positive,overwhelmingly positive,single only,49594.0,1236.0,322.9,34645.0,73.5,50830.0,1,2014,0.7198606
217200.0,Worms Armageddon,1999-05-31,16000.0,1.0,1.0,Strategy,0.0,0.0,Strategy,9.0,0.0,0.0,very positive,very positive,single only,7399.0,447.0,168.8,826.0,,7846.0,1,1999,0.98825216
219990.0,Grim Dawn,2016-02-26,26000.0,3.0,3.0,Action,0.0,185.0,Action RPG,13.0,0.0,1.0,very positive,very positive,single and multi,71793.0,4993.0,4672.1,61093.0,64.0,76786.0,1,2016,0.001195997
220200.0,Kerbal Space Program,2015-04-28,43000.0,2.0,6.0,Indie,0.0,0.0,Space,9.0,0.0,1.0,overwhelmingly positive,overwhelmingly positive,single only,99446.0,5320.0,2836.8,19079.0,,104766.0,1,2015,0.8175063
222440.0,THE KING OF FIGHTERS 2002 UNLIMITED MATCH,2015-02-27,16000.0,2.0,2.0,Action,0.0,12.0,Fighting,3.0,0.0,0.0,very positive,very positive,single and multi,3131.0,171.0,102.3,589.0,28.6,3302.0,1,2015,0.6726762
224760.0,FEZ,2013-05-02,10500.0,6.0,6.0,Indie,0.0,12.0,Platformer,9.0,0.0,1.0,very positive,very positive,single only,12490.0,1018.0,23.4,2526.0,81.2,13508.0,1,2013,0.47315466
228200.0,Company of Heroes,2006-09-11,21000.0,1.0,1.0,Action,0.0,0.0,Strategy,11.0,0.0,0.0,overwhelmingly positive,very positive,single only,11833.0,713.0,1359.7,5845.0,,12546.0,1,2006,0.7228024
230290.0,Universe Sandbox,2015-08-24,31000.0,4.0,4.0,Casual,0.0,0.0,Sandbox,26.0,0.0,0.0,overwhelmingly positive,overwhelmingly positive,single only,16833.0,706.0,289.4,629.0,,17539.0,1,2015,0.5356835
233860.0,Kenshi,2018-12-07,31000.0,2.0,2.0,Action,0.0,0.0,Open World,9.0,0.0,1.0,very positive,very positive,single only,54324.0,2824.0,3580.7,10579.0,,57148.0,1,2018,0.83412397
238320.0,Outlast,2013-09-04,20500.0,2.0,2.0,Action,0.0,14.0,Horror,9.0,0.0,1.0,overwhelmingly positive,overwhelmingly positive,single only,84335.0,3242.0,492.8,11684.0,44.5,87577.0,1,2013,0.8672312
238460.0,BattleBlock Theater®,2014-05-16,15500.0,2.0,2.0,Action,0.0,30.0,Comedy,11.0,0.0,0.0,overwhelmingly positive,overwhelmingly positive,single and multi,63906.0,1802.0,328.7,14269.0,86.9,65708.0,1,2014,0.6328926
239030.0,"Papers, Please",2013-08-09,10500.0,2.0,2.0,Adventure,0.0,13.0,Indie,10.0,0.0,0.0,overwhelmingly positive,overwhelmingly positive,single only,50836.0,1575.0,477.3,6038.0,56.8,52411.0,1,2013,0.64059615
239140.0,Dying Light,2015-01-26,34800.0,2.0,2.0,Action,0.0,78.0,Zombies,17.0,0.0,1.0,overwhelmingly positive,overwhelmingly positive,single and multi,316493.0,16568.0,5003.6,45770.0,94.8,333061.0,1,2015,0.86018836
242760.0,The Forest,2018-05-01,20500.0,6.0,6.0,Action,0.0,45.0,Open World Survival Craft,16.0,0.0,0.0,overwhelmingly positive,overwhelmingly positive,single and multi,369010.0,18577.0,17441.3,66829.0,82.0,387587.0,1,2018,0.00084254146
246420.0,Kingdom Rush - Tower Defense,2014-01-07,10500.0,2.0,2.0,Strategy,0.0,74.0,Tower Defense,10.0,0.0,0.0,overwhelmingly positive,overwhelmingly positive,single only,9499.0,288.0,177.3,1950.0,92.3,9787.0,1,2014,0.98561716
246620.0,Plague Inc: Evolved,2016-02-19,16000.0,2.0,2.0,Casual,0.0,229.0,Strategy,15.0,0.0,1.0,overwhelmingly positive,very positive,single and multi,41905.0,2464.0,358.3,17889.0,92.3,44369.0,1,2016,0.6537311
246840.0,FATE,2005-05-18,15500.0,5.0,5.0,Action,0.0,10.0,RPG,1.0,0.0,0.0,very positive,overwhelmingly positive,single only,2529.0,144.0,89.3,349.0,82.6,2673.0,1,2005,0.97261333
246900.0,Viscera Cleanup Detail,2015-10-24,14000.0,5.0,5.0,Indie,0.0,85.0,Simulation,1.0,0.0,1.0,very positive,very positive,single and multi,15076.0,1105.0,376.9,1477.0,50.4,16181.0,1,2015,0.69660985
247080.0,Crypt of the NecroDancer,2015-04-24,16000.0,4.0,4.0,Action,0.0,44.0,Rhythm,11.0,0.0,1.0,very positive,overwhelmingly positive,single and multi,20793.0,854.0,177.8,2234.0,46.3,21647.0,1,2015,0.8439683
250320.0,The Wolf Among Us,2013-10-11,15500.0,6.0,6.0,Action,0.0,35.0,Adventure,1.0,0.0,0.0,overwhelmingly positive,overwhelmingly positive,single only,27789.0,653.0,92.1,14130.0,90.3,28442.0,1,2013,0.91884804
251290.0,The Legend of Heroes: Trails in the Sky SC,2015-10-30,32000.0,6.0,2.0,RPG,0.0,23.0,JRPG,1.0,0.0,0.0,very positive,overwhelmingly positive,single only,2338.0,50.0,92.1,820.0,78.8,2388.0,1,2015,0.0015029609
255710.0,Cities: Skylines,2015-03-11,32000.0,1.0,1.0,Simulation,0.0,116.0,City Builder,9.0,0.0,1.0,very positive,very positive,single only,187075.0,13176.0,15926.0,57421.0,76.4,200251.0,1,2015,0.44021073
257850.0,Hyper Light Drifter,2016-03-31,21000.0,6.0,6.0,Action,0.0,23.0,Pixel Graphics,6.0,0.0,1.0,very positive,very positive,single and multi,14195.0,944.0,33.5,4929.0,49.8,15139.0,1,2016,0.015481472
261030.0,The Walking Dead: Season Two,2013-12-18,15500.0,6.0,3.0,Adventure,0.0,40.0,Zombies,1.0,0.0,0.0,overwhelmingly positive,overwhelmingly positive,single only,24981.0,1013.0,65.2,18433.0,88.3,25994.0,1,2013,0.6632426
264710.0,Subnautica,2018-01-23,31000.0,2.0,2.0,Adventure,0.0,17.0,Open World Survival Craft,23.0,0.0,1.0,overwhelmingly positive,overwhelmingly positive,single only,191742.0,7232.0,3253.6,50876.0,83.6,198974.0,1,2018,0.9262241
266010.0,LYNE,2014-03-17,3300.0,5.0,5.0,Casual,0.0,33.0,Puzzle,12.0,0.0,0.0,very positive,overwhelmingly positive,single only,7589.0,328.0,9.0,239.0,88.8,7917.0,1,2014,0.9672732
268910.0,Cuphead,2017-09-29,21000.0,2.0,2.0,Action,0.0,42.0,Difficult,12.0,0.0,1.0,overwhelmingly positive,overwhelmingly positive,single and multi,107915.0,3871.0,7190.8,19076.0,77.8,111786.0,1,2017,0.71382844
270880.0,American Truck Simulator,2016-02-02,24800.0,1.0,1.0,Indie,0.0,80.0,Automobile Sim,24.0,0.0,1.0,,overwhelmingly positive *,single and multi,104560.0,3860.0,5337.2,19138.0,,108420.0,1,2016,0.95355964
274170.0,Hotline Miami 2: Wrong Number,2015-03-11,16000.0,1.0,1.0,Action,0.0,29.0,Great Soundtrack,7.0,0.0,1.0,overwhelmingly positive,very positive,single only,40873.0,2841.0,351.6,18882.0,87.8,43714.0,1,2015,0.4045807
279800.0,Grim Legends 2: Song of the Dark Swan,2014-09-27,10500.0,2.0,2.0,Adventure,0.0,29.0,Hidden Object,11.0,0.0,0.0,very positive,overwhelmingly positive,single only,1096.0,41.0,7.1,204.0,63.4,1137.0,1,2014,0.9984394
282800.0,100% Orange Juice,2013-09-10,7500.0,3.0,3.0,Indie,0.0,278.0,Anime,9.0,0.0,1.0,very positive,very positive,single and multi,21261.0,1599.0,269.6,3839.0,51.7,22860.0,1,2013,0.849045
284160.0,BeamNG.drive,2015-05-30,26000.0,3.0,3.0,Racing,0.0,0.0,Simulation,11.0,0.0,0.0,overwhelmingly positive,overwhelmingly positive,single only,127265.0,4196.0,7370.4,15811.0,,131461.0,1,2015,0.9553442
284850.0,Grim Legends: The Forsaken Bride,2014-02-25,10500.0,2.0,2.0,Casual,0.0,24.0,Hidden Object,10.0,0.0,0.0,very positive,overwhelmingly positive,single only,1323.0,51.0,12.6,711.0,64.6,1374.0,1,2014,0.2067214
285310.0,RollerCoaster Tycoon®: Deluxe,1999-03-31,6500.0,4.0,4.0,Simulation,0.0,0.0,Simulation,5.0,0.0,0.0,very positive,very positive,single only,5676.0,338.0,221.8,1223.0,,6014.0,1,1999,0.15312585
286160.0,Tabletop Simulator,2015-06-06,21000.0,6.0,6.0,Casual,0.0,27.0,Tabletop,1.0,0.0,1.0,very positive,overwhelmingly positive,single and multi,50519.0,3496.0,4786.9,36793.0,79.8,54015.0,1,2015,0.8395794
287980.0,Mini Metro,2015-11-07,10500.0,4.0,4.0,Indie,0.0,63.0,Strategy,25.0,0.0,0.0,very positive,overwhelmingly positive,single only,12248.0,439.0,143.6,2101.0,77.2,12687.0,1,2015,0.14596057
288160.0,The Room,2014-07-28,5500.0,2.0,2.0,Adventure,0.0,5.0,Puzzle,6.0,0.0,0.0,overwhelmingly positive,overwhelmingly positive,single only,20489.0,467.0,96.5,648.0,89.2,20956.0,1,2014,0.9729519
292030.0,The Witcher® 3: Wild Hunt,2015-05-18,34800.0,1.0,1.0,RPG,0.0,78.0,Open World,16.0,1.0,1.0,,overwhelmingly positive *,single only,617325.0,25026.0,13510.0,103329.0,64.7,642351.0,1,2015,0.37930298
301320.0,NoLimits 2 Roller Coaster Simulation,2014-08-22,41000.0,6.0,6.0,Indie,0.0,0.0,Simulation,1.0,0.0,1.0,very positive,very positive,single only,952.0,52.0,78.0,563.0,,1004.0,1,2014,0.9838295
310080.0,Hatoful Boyfriend,2014-09-05,5500.0,6.0,6.0,Casual,0.0,16.0,Visual Novel,7.0,0.0,0.0,very positive,very positive,single only,6373.0,416.0,6.1,404.0,32.5,6789.0,1,2014,0.99149764
311690.0,Enter the Gungeon,2016-04-05,16000.0,1.0,1.0,Action,0.0,54.0,Bullet Hell,11.0,0.0,0.0,very positive,overwhelmingly positive,single only,64568.0,2618.0,1175.1,15767.0,86.6,67186.0,1,2016,0.923001
314650.0,SpaceEngine,2019-06-11,26000.0,6.0,6.0,Casual,1.0,0.0,Early Access,18.0,0.0,1.0,very positive,overwhelmingly positive,single only,6117.0,249.0,80.3,596.0,,6366.0,1,2019,0.9903212
318130.0,Doom & Destiny,2011-08-26,10500.0,5.0,5.0,Indie,0.0,44.0,RPG,6.0,0.0,0.0,,overwhelmingly positive,single only,1950.0,77.0,4.7,101.0,82.1,2027.0,1,2011,0.9540467
322170.0,Geometry Dash,2014-12-23,4400.0,6.0,6.0,Action,0.0,120.0,Difficult,1.0,0.0,0.0,very positive,very positive,single only,182543.0,12372.0,7532.3,15038.0,86.7,194915.0,1,2014,0.42814344
322330.0,Don't Starve Together,2016-04-22,15500.0,1.0,1.0,Adventure,0.0,0.0,Exploration,2.0,0.0,1.0,very positive,overwhelmingly positive,single and multi,328375.0,13263.0,20350.5,66829.0,,341638.0,1,2016,0.8328103
326460.0,ShellShock Live,2020-05-23,7500.0,6.0,6.0,Action,0.0,58.0,Tanks,11.0,0.0,0.0,very positive,very positive,single and multi,28169.0,1974.0,591.3,7346.0,78.1,30143.0,1,2020,0.9968626
332800.0,Five Nights at Freddy's 2,2014-11-11,8500.0,6.0,6.0,Indie,0.0,0.0,Horror,1.0,0.0,0.0,very positive,very positive,single only,14403.0,988.0,23.4,1686.0,,15391.0,1,2014,0.76341003
333600.0,NEKOPARA Vol. 1,2014-12-30,10500.0,2.0,1.0,Casual,0.0,14.0,Hentai,3.0,0.0,1.0,very positive,overwhelmingly positive,single only,24354.0,1145.0,82.0,482.0,91.1,25499.0,1,2014,0.94104373
335670.0,LISA: The Painful,2014-12-15,10500.0,4.0,4.0,Adventure,0.0,68.0,Dark Humor,1.0,0.0,1.0,overwhelmingly positive,overwhelmingly positive,single only,11847.0,459.0,31.1,1157.0,88.9,12306.0,1,2014,0.7906995
341800.0,Keep Talking and Nobody Explodes,2015-10-09,16000.0,5.0,5.0,Indie,0.0,10.0,Co-op,26.0,0.0,1.0,overwhelmingly positive,overwhelmingly positive,multi only,10774.0,234.0,164.2,1744.0,87.8,11008.0,1,2015,0.68291515
343780.0,Cat Goes Fishing,2015-01-20,7500.0,6.0,6.0,Casual,0.0,53.0,Fishing,1.0,0.0,0.0,overwhelmingly positive,very positive,single only,6631.0,405.0,96.0,630.0,96.8,7036.0,1,2015,0.9976175
345820.0,Shantae and the Pirate's Curse,2015-04-23,21000.0,2.0,2.0,Action,0.0,44.0,Platformer,1.0,0.0,0.0,very positive,overwhelmingly positive,single only,2185.0,148.0,8.0,483.0,71.7,2333.0,1,2015,0.7620296
346010.0,Besiege,2020-02-18,15500.0,4.0,4.0,Indie,0.0,36.0,Building,14.0,0.0,0.0,overwhelmingly positive,overwhelmingly positive,single and multi,42117.0,1935.0,379.0,11120.0,44.0,44052.0,1,2020,0.87022465
348550.0,GUILTY GEAR XX ACCENT CORE PLUS R,2015-05-27,16000.0,2.0,2.0,Action,0.0,30.0,Fighting,8.0,0.0,0.0,very positive,overwhelmingly positive,single only,4701.0,164.0,147.3,2330.0,91.4,4865.0,1,2015,0.99228716
351920.0,Crazy Machines 3,2016-10-19,10500.0,6.0,2.0,Simulation,0.0,41.0,Simulation,11.0,0.0,0.0,very positive,very positive,single only,8182.0,445.0,20.9,1101.0,81.0,8627.0,1,2016,0.08094278
353330.0,Love at First Sight,2015-05-19,10500.0,1.0,1.0,Indie,0.0,12.0,Visual Novel,2.0,0.0,0.0,very positive,overwhelmingly positive,single only,1149.0,50.0,,,69.0,1199.0,1,2015,0.9686167
353540.0,Stephen's Sausage Roll,2016-04-18,31000.0,6.0,6.0,Indie,0.0,0.0,Puzzle,1.0,0.0,0.0,very positive,overwhelmingly positive,single only,1158.0,57.0,6.7,82.0,,1215.0,1,2016,0.008864254
355980.0,Dungeon Warfare,2015-11-05,9900.0,5.0,5.0,Indie,0.0,35.0,Tower Defense,7.0,0.0,0.0,very positive,overwhelmingly positive,single only,1544.0,66.0,23.0,455.0,88.9,1610.0,1,2015,0.98450106
359510.0,Tangle Tower,2019-10-22,20500.0,4.0,4.0,Adventure,0.0,10.0,Detective,14.0,0.0,1.0,overwhelmingly positive,overwhelmingly positive,single only,2059.0,100.0,32.8,335.0,80.4,2159.0,1,2019,0.69294727
362890.0,Black Mesa,2020-03-06,20500.0,6.0,6.0,Action,0.0,50.0,FPS,26.0,0.0,0.0,very positive,overwhelmingly positive,single only,80177.0,3761.0,954.8,7116.0,63.3,83938.0,1,2020,0.78188175
365450.0,Hacknet,2015-08-13,10500.0,5.0,2.0,Indie,0.0,11.0,Hacking,9.0,0.0,1.0,overwhelmingly positive,very positive,single only,19855.0,1371.0,422.8,127640.0,30.9,21226.0,1,2015,0.98926187
367580.0,Hook,2015-01-25,2200.0,5.0,5.0,Casual,0.0,0.0,Casual,27.0,0.0,0.0,very positive,overwhelmingly positive,single only,8240.0,251.0,7.1,261.0,,8491.0,1,2015,0.3016513
370360.0,TIS-100,2015-07-21,7500.0,2.0,2.0,Indie,0.0,10.0,Programming,1.0,0.0,0.0,very positive,overwhelmingly positive,single only,3357.0,109.0,24.0,468.0,89.8,3466.0,1,2015,0.9130235
374320.0,DARK SOULS™ III,2016-04-12,49800.0,1.0,1.0,Action,0.0,43.0,Souls-like,12.0,0.0,1.0,very positive,very positive,single only,310320.0,21099.0,2924.6,129831.0,93.4,331419.0,1,2016,0.9727222
375480.0,Chronicon,2020-08-21,14500.0,5.0,5.0,Action,0.0,145.0,Loot,4.0,0.0,1.0,very positive,overwhelmingly positive,single and multi,7092.0,330.0,314.4,4858.0,89.8,7422.0,1,2020,0.6246133
375820.0,Human Resource Machine,2015-10-16,15500.0,3.0,3.0,Casual,0.0,16.0,Programming,19.0,0.0,1.0,very positive,very positive,single only,3397.0,222.0,37.8,758.0,89.4,3619.0,1,2015,0.9191844
383270.0,Hue,2016-08-31,16000.0,6.0,2.0,Adventure,0.0,13.0,Indie,5.0,0.0,1.0,very positive,very positive,single only,1674.0,105.0,3.9,46.0,91.5,1779.0,1,2016,0.7546646
383980.0,Rivals of Aether,2017-03-29,31000.0,6.0,6.0,Indie,0.0,36.0,Fighting,2.0,0.0,1.0,very positive,overwhelmingly positive,single and multi,23686.0,1174.0,422.1,2828.0,34.4,24860.0,1,2017,0.98974264
384190.0,ABZU,2016-08-02,21000.0,6.0,2.0,Action,0.0,12.0,Relaxing,8.0,0.0,0.0,very positive,very positive,single only,20843.0,1589.0,17.6,1311.0,60.9,22432.0,1,2016,0.9508429
386940.0,Ultimate Chicken Horse,2016-03-05,15500.0,4.0,4.0,Action,0.0,31.0,Multiplayer,15.0,0.0,1.0,overwhelmingly positive,overwhelmingly positive,multi only,27729.0,1020.0,652.2,2705.0,75.9,28749.0,1,2016,0.9779472
387990.0,Scrap Mechanic,2016-01-20,21000.0,6.0,6.0,Action,0.0,0.0,Building,11.0,0.0,0.0,very positive,very positive,single and multi,82951.0,6429.0,2276.8,46366.0,,89380.0,1,2016,0.063049406
388090.0,Five Nights at Freddy's 4,2015-07-24,8500.0,6.0,6.0,Action,0.0,0.0,Horror,1.0,0.0,0.0,very positive,very positive,single only,9527.0,744.0,14.7,1637.0,,10271.0,1,2015,0.46645552
391220.0,Rise of the Tomb Raider™,2016-02-10,29500.0,1.0,1.0,Action,0.0,143.0,Adventure,14.0,0.0,1.0,very positive,very positive,single only,105891.0,6868.0,851.9,44501.0,90.1,112759.0,1,2016,0.068076104
391540.0,Undertale,2015-09-15,10500.0,6.0,6.0,Indie,0.0,0.0,Great Soundtrack,2.0,0.0,1.0,overwhelmingly positive,overwhelmingly positive,single only,175114.0,6069.0,689.1,10462.0,,181183.0,1,2015,0.9234785
397430.0,Zoombinis,2015-10-29,10500.0,6.0,6.0,Adventure,0.0,0.0,Casual,2.0,0.0,0.0,,very positive,single only,826.0,61.0,21.0,188.0,,887.0,1,2015,0.6758211
397740.0,Hylics,2015-10-03,3300.0,6.0,6.0,Indie,0.0,0.0,Indie,1.0,0.0,0.0,overwhelmingly positive,overwhelmingly positive,single only,2865.0,60.0,9.7,74.0,,2925.0,1,2015,0.88416445
398710.0,Timberman,2015-09-19,1100.0,6.0,5.0,Action,0.0,20.0,Casual,1.0,0.0,0.0,very positive,very positive,single only,10133.0,670.0,14.5,4236.0,75.9,10803.0,1,2015,0.6220285
402620.0,Kindred Spirits on the Roof,2016-02-13,38000.0,5.0,2.0,Adventure,0.0,0.0,Visual Novel,2.0,0.0,1.0,very positive,overwhelmingly positive,single only,1048.0,30.0,7.4,225.0,,1078.0,1,2016,0.95851105
406150.0,Refunct,2015-10-16,3300.0,4.0,4.0,Adventure,0.0,10.0,Parkour,28.0,0.0,0.0,overwhelmingly positive,overwhelmingly positive,single only,15791.0,707.0,17.5,476.0,88.1,16498.0,1,2015,0.9663391
410890.0,Higurashi When They Cry Hou - Ch.2 Watanagashi,2015-11-14,8500.0,3.0,2.0,Adventure,0.0,15.0,Visual Novel,2.0,0.0,0.0,very positive,overwhelmingly positive,single only,873.0,29.0,11.9,164.0,53.0,902.0,1,2015,0.99929875
413410.0,Danganronpa: Trigger Happy Havoc,2016-02-18,21000.0,2.0,2.0,Adventure,0.0,38.0,Anime,3.0,0.0,0.0,very positive,overwhelmingly positive,single only,22620.0,844.0,373.7,3374.0,84.7,23464.0,1,2016,0.17406985
413420.0,Danganronpa 2: Goodbye Despair,2016-04-19,21000.0,2.0,2.0,Adventure,0.0,47.0,Anime,3.0,0.0,0.0,very positive,overwhelmingly positive,single only,19577.0,708.0,387.8,1848.0,79.3,20285.0,1,2016,0.6117563
418370.0,Resident Evil 7 Biohazard,2017-01-26,24300.0,1.0,1.0,Action,0.0,58.0,Horror,14.0,0.0,1.0,very positive,very positive,single only,58272.0,3235.0,721.1,18211.0,96.3,61507.0,1,2017,0.9822031
418530.0,Spelunky 2,2020-09-29,20500.0,4.0,4.0,Action,0.0,32.0,Platformer,12.0,0.0,1.0,very positive,very positive,single and multi,13924.0,1010.0,468.9,6937.0,79.2,14934.0,1,2020,0.5303994
424840.0,Little Nightmares,2017-04-28,25800.0,1.0,1.0,Adventure,0.0,22.0,Horror,13.0,0.0,1.0,overwhelmingly positive,very positive,single only,75270.0,4273.0,506.7,77529.0,46.9,79543.0,1,2017,0.95780337
425580.0,The Room Two,2016-07-05,5500.0,2.0,2.0,Adventure,0.0,7.0,Puzzle,6.0,0.0,0.0,overwhelmingly positive,overwhelmingly positive,single only,14447.0,316.0,72.8,369.0,92.4,14763.0,1,2016,0.89242244
430960.0,Lucy -The Eternity She Wished For-,2016-02-28,10500.0,6.0,6.0,Adventure,0.0,0.0,Visual Novel,9.0,0.0,1.0,very positive,overwhelmingly positive,single only,6885.0,353.0,6.4,190.0,,7238.0,1,2016,0.5120942
433340.0,Slime Rancher,2017-08-02,21000.0,2.0,2.0,Action,0.0,57.0,Cute,10.0,0.0,1.0,overwhelmingly positive,overwhelmingly positive,single only,90602.0,1970.0,1892.6,7189.0,83.4,92572.0,1,2017,0.4847783
435120.0,Rusty Lake Hotel,2016-01-29,2200.0,1.0,1.0,Adventure,0.0,23.0,Puzzle,20.0,0.0,0.0,very positive,overwhelmingly positive,single only,5622.0,260.0,46.0,4900.0,47.4,5882.0,1,2016,0.21593225
435150.0,Divinity: Original Sin 2 - Definitive Edition,2017-09-14,54000.0,2.0,2.0,Adventure,0.0,97.0,Tactical RPG,12.0,0.0,1.0,very positive,overwhelmingly positive,single and multi,141738.0,5849.0,8094.3,93350.0,84.3,147587.0,1,2017,0.74856114
435400.0,Hidden Folks,2017-02-15,13500.0,5.0,5.0,Adventure,0.0,8.0,Hidden Object,23.0,0.0,1.0,very positive,overwhelmingly positive,single only,7811.0,268.0,32.7,747.0,41.0,8079.0,1,2017,0.610154
440880.0,The Count Lucanor,2016-03-03,10500.0,4.0,2.0,Adventure,0.0,32.0,Survival Horror,12.0,0.0,0.0,very positive,overwhelmingly positive,single only,1819.0,102.0,4.8,80.0,65.9,1921.0,1,2016,0.9991452
447530.0,VA-11 Hall-A: Cyberpunk Bartender Action,2016-06-21,16000.0,2.0,4.0,Adventure,0.0,34.0,Cyberpunk,3.0,0.0,0.0,overwhelmingly positive,overwhelmingly positive,single only,28716.0,676.0,163.5,1554.0,97.8,29392.0,1,2016,0.68499905
450540.0,"Hot Dogs, Horseshoes & Hand Grenades",2016-04-05,21000.0,6.0,6.0,Action,0.0,0.0,VR,1.0,0.0,0.0,overwhelmingly positive,overwhelmingly positive,single only,15227.0,470.0,281.5,5184.0,,15697.0,1,2016,0.02526784
453090.0,Parkitect,2018-11-30,31000.0,5.0,5.0,Casual,0.0,34.0,Management,11.0,0.0,1.0,very positive,very positive,single and multi,5562.0,312.0,206.2,1393.0,69.6,5874.0,1,2018,0.93619543
456750.0,The Room Three,2018-11-13,6500.0,2.0,2.0,Adventure,0.0,10.0,Puzzle,8.0,0.0,0.0,very positive,overwhelmingly positive,single only,8064.0,291.0,100.8,1331.0,88.8,8355.0,1,2018,0.00081026554
457140.0,Oxygen Not Included,2019-07-31,26000.0,1.0,1.0,Indie,0.0,45.0,Colony Sim,4.0,0.0,1.0,overwhelmingly positive,overwhelmingly positive,single only,82951.0,3015.0,7455.1,27380.0,,85966.0,1,2019,0.55459476
458710.0,Kingdom Rush Frontiers - Tower Defense,2016-07-25,10500.0,2.0,2.0,Strategy,0.0,87.0,Tower Defense,10.0,0.0,0.0,very positive,overwhelmingly positive,single only,5868.0,204.0,176.8,973.0,94.4,6072.0,1,2016,0.99873877
466300.0,Planescape: Torment: Enhanced Edition,2017-04-11,21000.0,2.0,2.0,Adventure,0.0,50.0,RPG,6.0,0.0,1.0,very positive,very positive,single only,3140.0,170.0,60.6,929.0,53.8,3310.0,1,2017,0.0025062263
470310.0,TROUBLESHOOTER: Abandoned Children,2020-04-23,26000.0,4.0,4.0,Casual,0.0,217.0,Turn-Based,4.0,0.0,1.0,very positive,very positive,single only,6197.0,337.0,215.8,993.0,81.6,6534.0,1,2020,0.88694954
477160.0,Human: Fall Flat,2016-07-23,20500.0,6.0,2.0,Adventure,0.0,103.0,Co-op,16.0,0.0,1.0,very positive,very positive,single and multi,157766.0,8924.0,2560.1,127516.0,93.4,166690.0,1,2016,0.88990325
477740.0,Zero Escape: The Nonary Games,2017-03-25,31000.0,2.0,2.0,Adventure,0.0,38.0,Visual Novel,2.0,0.0,0.0,very positive,very positive,single only,3611.0,204.0,156.1,945.0,52.3,3815.0,1,2017,0.9977993
483980.0,Mad Father,2016-09-23,10500.0,6.0,2.0,Adventure,0.0,21.0,RPGMaker,6.0,0.0,0.0,very positive,overwhelmingly positive,single only,3453.0,99.0,12.8,230.0,80.1,3552.0,1,2016,0.4903734
488310.0,Eleven Table Tennis,2016-06-20,20500.0,6.0,6.0,Casual,0.0,0.0,Sports,16.0,0.0,0.0,very positive,overwhelmingly positive,single only,2712.0,136.0,22.8,547.0,,2848.0,1,2016,0.8620377
488860.0,MADNESS: Project Nexus,2021-09-30,26000.0,6.0,6.0,Action,0.0,38.0,Gore,1.0,0.0,1.0,overwhelmingly positive,overwhelmingly positive,single and multi,9425.0,280.0,465.0,4919.0,82.0,9705.0,1,2021,0.6288188
489830.0,The Elder Scrolls V: Skyrim Special Edition,2016-10-28,45000.0,1.0,1.0,RPG,0.0,75.0,Open World,9.0,0.0,1.0,overwhelmingly positive,very positive,single only,198088.0,19705.0,21060.0,69777.0,68.0,217793.0,1,2016,0.8081979
494150.0,The Thrill of the Fight - VR Boxing,2016-07-01,10500.0,6.0,6.0,Action,0.0,0.0,Sports,1.0,0.0,0.0,very positive,overwhelmingly positive,single only,2935.0,142.0,16.8,482.0,,3077.0,1,2016,0.9995109
501300.0,What Remains of Edith Finch,2017-04-25,21000.0,2.0,2.0,Adventure,0.0,9.0,Story Rich,11.0,0.0,1.0,overwhelmingly positive,overwhelmingly positive,single only,25901.0,1211.0,68.3,405.0,61.1,27112.0,1,2017,0.9963311
504230.0,Celeste,2018-01-25,21000.0,6.0,6.0,Action,0.0,32.0,Precision Platformer,9.0,0.0,1.0,overwhelmingly positive,overwhelmingly positive,single only,54889.0,1247.0,1364.2,2216.0,74.8,56136.0,1,2018,0.8613619
508900.0,Zup! X,2018-05-17,1100.0,4.0,4.0,Casual,0.0,2880.0,Casual,27.0,0.0,0.0,very positive,overwhelmingly positive,single only,5750.0,183.0,17.8,364.0,70.8,5933.0,1,2018,0.6956927
512900.0,Streets of Rogue,2019-07-13,20500.0,4.0,2.0,Action,0.0,52.0,Roguelite,8.0,0.0,1.0,overwhelmingly positive,overwhelmingly positive,single and multi,15323.0,556.0,489.4,4265.0,83.3,15879.0,1,2019,0.18806958
516750.0,My Summer Car,2016-10-24,15500.0,3.0,3.0,Indie,0.0,76.0,Automobile Sim,2.0,0.0,0.0,very positive,very positive,single only,40718.0,2706.0,706.8,5509.0,78.0,43424.0,1,2016,0.061053365
525510.0,"Guns, Gore and Cannoli 2",2018-03-02,13500.0,4.0,4.0,Action,0.0,20.0,Action,13.0,0.0,0.0,very positive,very positive,single and multi,2921.0,176.0,55.5,560.0,81.9,3097.0,1,2018,0.0072127283
526490.0,Higurashi When They Cry Hou - Ch.4 Himatsubushi,2016-10-14,6500.0,3.0,2.0,Adventure,0.0,8.0,Visual Novel,2.0,0.0,0.0,,very positive,single only,373.0,12.0,4.5,66.0,54.8,385.0,1,2016,0.90013665
526870.0,Satisfactory,2020-06-09,31000.0,2.0,2.0,Adventure,0.0,0.0,Base Building,21.0,0.0,0.0,overwhelmingly positive,overwhelmingly positive,single and multi,97748.0,2832.0,13029.0,34145.0,,100580.0,1,2020,0.33481514
528230.0,SYNTHETIK: Legion Rising,2018-03-16,20500.0,6.0,6.0,Action,0.0,27.0,Roguelite,12.0,0.0,1.0,very positive,very positive,single and multi,10158.0,584.0,213.8,3407.0,44.9,10742.0,1,2018,0.89868784
531510.0,Just Shapes & Beats,2018-06-01,20500.0,4.0,4.0,Action,0.0,26.0,Rhythm,14.0,0.0,1.0,overwhelmingly positive,overwhelmingly positive,single and multi,14532.0,326.0,108.9,918.0,74.2,14858.0,1,2018,0.30496585
532110.0,Rusty Lake: Roots,2016-10-20,3300.0,1.0,1.0,Adventure,0.0,16.0,Puzzle,14.0,0.0,0.0,very positive,overwhelmingly positive,single only,4870.0,191.0,62.7,329.0,83.3,5061.0,1,2016,0.9999536
551620.0,Approaching Infinity,2020-08-05,13500.0,5.0,5.0,Adventure,1.0,70.0,Early Access,1.0,0.0,1.0,,very positive,single only,166.0,13.0,5.6,39.0,44.0,179.0,1,2020,0.6246133
552080.0,IronWolf VR,2022-04-13,21000.0,6.0,6.0,Action,0.0,0.0,Co-op,1.0,0.0,0.0,,overwhelmingly positive,single and multi,916.0,35.0,5.0,83.0,,951.0,1,2022,0.9327966
555160.0,Pavlov VR,2017-02-28,26000.0,4.0,4.0,Action,0.0,0.0,VR,1.0,0.0,0.0,very positive,very positive,multi only,31031.0,1806.0,789.2,17629.0,,32837.0,1,2017,0.0022955239
557340.0,My Friend Pedro,2019-06-21,20500.0,1.0,1.0,Action,0.0,30.0,Action,10.0,1.0,1.0,very positive,overwhelmingly positive,single only,23424.0,967.0,54.2,6320.0,85.0,24391.0,1,2019,0.10031906
557600.0,Gorogoa,2017-12-15,15500.0,2.0,2.0,Adventure,0.0,11.0,Puzzle,17.0,0.0,1.0,overwhelmingly positive,overwhelmingly positive,single only,11453.0,298.0,64.6,809.0,96.2,11751.0,1,2017,0.94752365
558990.0,Opus Magnum,2017-12-08,20500.0,2.0,2.0,Indie,0.0,5.0,Puzzle,12.0,0.0,0.0,very positive,overwhelmingly positive,single only,4666.0,123.0,133.7,890.0,50.9,4789.0,1,2017,0.0075383484
566050.0,Zeus + Poseidon,2016-12-16,11500.0,6.0,4.0,Strategy,0.0,0.0,Strategy,1.0,0.0,0.0,very positive,overwhelmingly positive,single only,1145.0,50.0,98.7,329.0,,1195.0,1,2016,0.99269015
568220.0,Lobotomy Corporation | Monster Management Simulation,2018-04-09,26000.0,2.0,2.0,Indie,0.0,0.0,Management,11.0,0.0,1.0,very positive,very positive,single only,18701.0,1179.0,1072.1,2885.0,,19880.0,1,2018,0.6116928
577480.0,Higurashi When They Cry Hou - Ch. 5 Meakashi,2017-04-29,8500.0,3.0,2.0,Adventure,0.0,16.0,Adventure,2.0,0.0,0.0,,very positive,single only,416.0,14.0,5.6,46.0,56.7,430.0,1,2017,0.63415277
577690.0,Spooky's Jump Scare Mansion: HD Renovation,2017-03-01,10500.0,5.0,5.0,Action,0.0,34.0,Horror,4.0,0.0,0.0,very positive,overwhelmingly positive,single only,1557.0,77.0,16.4,173.0,86.9,1634.0,1,2017,0.9999165
587430.0,I Expect You To Die,2017-04-25,26000.0,5.0,5.0,Adventure,0.0,11.0,VR,9.0,0.0,0.0,very positive,overwhelmingly positive,single only,2014.0,112.0,17.8,822.0,92.4,2126.0,1,2017,0.20571825
588650.0,Dead Cells,2018-08-07,25800.0,2.0,2.0,Action,0.0,108.0,Roguelite,13.0,0.0,1.0,overwhelmingly positive,overwhelmingly positive,single only,106363.0,3210.0,3071.2,13651.0,93.3,109573.0,1,2018,0.8336407
588690.0,"Peace, Death!",2017-03-24,5500.0,4.0,4.0,Casual,0.0,126.0,Indie,10.0,0.0,1.0,very positive,very positive,single only,1794.0,105.0,4.4,170.0,80.6,1899.0,1,2017,0.36434507
589940.0,Eye of the Temple,2021-10-14,20500.0,5.0,5.0,Action,0.0,27.0,VR,10.0,0.0,1.0,,very positive,single only,261.0,12.0,1.8,36.0,87.5,273.0,1,2021,0.41791904
590380.0,Into the Breach,2018-02-28,15500.0,2.0,2.0,Indie,0.0,70.0,Strategy,17.0,0.0,1.0,overwhelmingly positive,very positive,single only,14193.0,827.0,789.2,14573.0,78.6,15020.0,1,2018,0.67658484
597170.0,Clone Drone in the Danger Zone,2021-07-27,20500.0,6.0,6.0,Action,1.0,57.0,Robots,11.0,0.0,0.0,overwhelmingly positive,overwhelmingly positive,single and multi,18252.0,559.0,290.8,1921.0,67.8,18811.0,1,2021,0.95350397
600190.0,Ski Jump VR,2017-06-09,5500.0,6.0,6.0,Sports,0.0,17.0,Sports,1.0,0.0,0.0,,mixed,single only,10.0,6.0,,,51.3,16.0,0,2017,0.6246133
600370.0,Paradigm,2017-04-06,16000.0,6.0,6.0,Adventure,0.0,18.0,Adventure,1.0,0.0,1.0,,overwhelmingly positive,single only,1299.0,76.0,2.8,181.0,51.2,1375.0,1,2017,0.0015498102
600410.0,HERO-E,2017-03-08,0.0,6.0,6.0,Action,0.0,15.0,Free to Play,6.0,0.0,0.0,,mostly positive,single only,26.0,9.0,0.0,5.0,25.2,35.0,0,2017,0.8613619
600430.0,Ticket to Ride: First Journey,2017-09-27,5500.0,6.0,2.0,Casual,0.0,9.0,Casual,6.0,0.0,0.0,,positive,single only,183.0,95.0,1.7,189.0,24.1,278.0,0,2017,0.7273003
600480.0,Megaquarium,2018-09-13,26000.0,5.0,5.0,Indie,0.0,21.0,Simulation,10.0,0.0,1.0,very positive,very positive,single only,2328.0,137.0,44.6,903.0,74.9,2465.0,1,2018,0.0042952597
600530.0,Kautic - The Bald Wizard,2017-03-03,1100.0,6.0,6.0,Action,0.0,17.0,Indie,1.0,0.0,0.0,,positive,single only,27.0,5.0,8.1,279.0,4.2,32.0,0,2017,0.976253
600550.0,Save Our Souls - Episode I,2017-03-13,7500.0,6.0,6.0,Action,0.0,0.0,Female Protagonist,1.0,0.0,0.0,,mostly negative,single only,12.0,28.0,0.0,6.0,,40.0,0,2017,0.04984933
600610.0,The Hand of Merlin,2022-06-15,28000.0,2.0,2.0,Indie,1.0,54.0,Turn-Based Strategy,1.0,0.0,1.0,mostly positive,mostly positive,single only,178.0,46.0,23.6,144.0,47.7,224.0,0,2022,0.97162324
600630.0,Spaceship Looter,2017-05-17,0.0,5.0,5.0,Action,0.0,26.0,Action Roguelike,7.0,0.0,1.0,,mixed,single only,138.0,61.0,,,66.8,199.0,0,2017,0.63902813
600720.0,Trackmania² Lagoon,2017-05-24,22000.0,4.0,1.0,Racing,0.0,0.0,Racing,21.0,0.0,0.0,,mixed,single only,164.0,96.0,2.1,96.0,,260.0,0,2017,0.021598667
600750.0,Star Trek Timelines,2016-01-14,0.0,6.0,6.0,Adventure,0.0,10.0,Free to Play,5.0,0.0,1.0,mostly positive,,,720.0,402.0,215.2,868.0,48.5,1122.0,0,2016,0.40088415
600990.0,The Gardens Between,2018-09-20,20500.0,5.0,5.0,Adventure,0.0,17.0,Short,13.0,0.0,1.0,very positive,very positive,single only,1922.0,123.0,3.1,131.0,62.1,2045.0,1,2018,0.0071498454
601050.0,Attack on Titan 2 - A.O.T.2,2018-03-15,64800.0,1.0,1.0,Action,0.0,40.0,Action,9.0,0.0,1.0,very positive,very positive,single and multi,4495.0,384.0,85.2,1368.0,90.2,4879.0,1,2018,0.26114863
601150.0,Devil May Cry 5,2019-03-08,33400.0,1.0,1.0,Action,0.0,55.0,Action,12.0,0.0,1.0,overwhelmingly positive,overwhelmingly positive,single and multi,77301.0,4128.0,2634.9,88735.0,92.2,81429.0,1,2019,0.7170316
601200.0,Pix,2017-09-02,3300.0,6.0,6.0,Action,0.0,0.0,Action,1.0,0.0,0.0,,6 user reviews,single only,5.0,1.0,,,,6.0,0,2017,0.21401429
601220.0,Zup! F,2019-12-11,1100.0,4.0,4.0,Casual,0.0,640.0,Casual,29.0,0.0,0.0,very positive,overwhelmingly positive,single only,7347.0,196.0,24.2,751.0,66.9,7543.0,1,2019,0.86047685
601240.0,Ripple,2017-04-01,1100.0,5.0,5.0,Casual,0.0,10.0,Puzzle,1.0,0.0,0.0,,mostly positive,single only,34.0,16.0,6.3,485.0,3.8,50.0,0,2017,0.076830804
601380.0,The Last One,2018-01-23,9500.0,6.0,6.0,Action,0.0,5.0,Survival,12.0,0.0,1.0,,mostly negative,single only,45.0,81.0,,,8.9,126.0,0,2018,0.039730966
601430.0,The Evil Within 2,2017-10-13,44500.0,1.0,1.0,Action,0.0,51.0,Horror,12.0,0.0,0.0,very positive,very positive,single only,20151.0,1651.0,273.5,9846.0,81.8,21802.0,1,2017,0.14221767
601510.0,Yu-Gi-Oh! Duel Links,2017-11-17,0.0,2.0,2.0,Free to Play,0.0,20.0,Free to Play,11.0,0.0,0.0,mostly positive,very positive,single only,31281.0,6017.0,3291.2,21377.0,66.7,37298.0,1,2017,0.3141729
601530.0,Darkarta: A Broken Heart's Quest Collector's Edition,2017-03-08,10500.0,6.0,6.0,Adventure,0.0,40.0,Casual,8.0,0.0,1.0,,very positive,single only,805.0,56.0,,,50.9,861.0,1,2017,0.0014619827
601570.0,Fix Me Fix You,2017-03-09,7500.0,5.0,5.0,Casual,0.0,5.0,Sexual Content,1.0,0.0,1.0,,positive,single only,38.0,5.0,,,9.3,43.0,0,2017,0.79173625
601640.0,The guard of dungeon,2017-03-08,7500.0,5.0,5.0,Action,0.0,12.0,Action,1.0,0.0,1.0,,mixed,single only,73.0,65.0,1.4,1580.0,5.7,138.0,0,2017,0.6246133
601750.0,Range Day VR,2017-08-10,16500.0,6.0,6.0,Action,0.0,0.0,Action,1.0,0.0,0.0,,mixed,single only,15.0,12.0,0.0,4.0,,27.0,0,2017,0.36508673
601810.0,Spark the Electric Jester,2017-04-11,8500.0,6.0,6.0,Action,0.0,0.0,Action,1.0,0.0,0.0,very positive,very positive,single only,636.0,56.0,5.2,45.0,,692.0,1,2017,0.9487747
601840.0,Griftlands,2021-06-02,20500.0,1.0,1.0,Indie,1.0,13.0,Card Battler,11.0,0.0,0.0,very positive,overwhelmingly positive,single only,11434.0,593.0,271.9,7545.0,4.0,12027.0,1,2021,0.77892363
602120.0,Molemen Must Die!,2017-03-22,2200.0,6.0,6.0,Action,0.0,12.0,Action,1.0,0.0,0.0,,positive,single only,51.0,2.0,,,18.5,53.0,0,2017,0.81533056
602200.0,Dreamlike Worlds,2017-03-07,1100.0,6.0,6.0,Action,0.0,0.0,Indie,1.0,0.0,0.0,,mixed,single only,21.0,12.0,,,,33.0,0,2017,0.31775633
602300.0,Alter Army,2018-08-07,5500.0,6.0,6.0,Action,0.0,0.0,Action,1.0,0.0,0.0,,positive,single only,22.0,7.0,0.0,4.0,,29.0,0,2018,0.8446928
602320.0,Train Valley 2,2019-04-16,15500.0,6.0,6.0,Adventure,0.0,67.0,3D,14.0,0.0,1.0,very positive,very positive,single only,1845.0,186.0,118.7,430.0,72.5,2031.0,1,2019,0.16293052
602430.0,Yono and the Celestial Elephants,2017-10-13,15500.0,4.0,6.0,Adventure,0.0,0.0,Adventure,6.0,0.0,0.0,,very positive,single only,179.0,24.0,1.6,84.0,,203.0,0,2017,0.96669996
602480.0,Kartong - Death by Cardboard!,2018-04-05,14500.0,5.0,5.0,Action,0.0,16.0,Action,1.0,0.0,0.0,,positive,single only,58.0,7.0,,,51.9,65.0,0,2018,0.3323006
602590.0,Saucer-Like,2017-04-05,6500.0,6.0,6.0,Adventure,0.0,12.0,Adventure,6.0,0.0,0.0,,mostly positive,single only,35.0,12.0,,,95.7,47.0,0,2017,0.99561083
602630.0,Diorama Worlds,2017-06-14,0.0,6.0,6.0,Casual,0.0,0.0,Simulation,1.0,0.0,0.0,,positive,single only,29.0,3.0,,,,32.0,0,2017,0.9342101
602700.0,Chippy,2019-06-15,15500.0,2.0,2.0,Action,0.0,22.0,Bullet Hell,1.0,0.0,1.0,very positive,very positive,single and multi,778.0,72.0,13.3,82.0,79.9,850.0,1,2019,0.8581736
602790.0,Fated Souls 3,2017-03-11,5500.0,4.0,4.0,Action,0.0,8.0,Adventure,1.0,0.0,0.0,,mixed,single only,18.0,11.0,29.5,435.0,3.6,29.0,0,2017,0.3994999
602890.0,hack_me 2,2017-03-11,4400.0,6.0,6.0,Indie,0.0,10.0,Simulation,2.0,0.0,1.0,,mostly positive,single only,522.0,227.0,1.1,2441.0,13.3,749.0,1,2017,0.5210094
602910.0,One Wish,2018-06-07,5500.0,5.0,5.0,Adventure,0.0,0.0,Adventure,2.0,0.0,0.0,,mixed,single only,81.0,53.0,43.2,6506.0,,134.0,0,2018,0.62543046
602930.0,Wordlase,2017-04-29,3300.0,5.0,5.0,Casual,0.0,11.0,Casual,4.0,0.0,1.0,,mixed,single only,38.0,34.0,7.9,302.0,6.8,72.0,0,2017,0.097576916
603010.0,Chill,2019-01-19,1100.0,5.0,5.0,Casual,0.0,100.0,Casual,29.0,0.0,0.0,,mostly positive,single only,134.0,34.0,30.4,695.0,6.2,168.0,0,2019,0.02559048
603020.0,Skautfold: Usurper,2018-02-21,10500.0,5.0,5.0,Action,0.0,18.0,Action,3.0,0.0,1.0,,mostly positive,single only,203.0,81.0,,,58.1,284.0,0,2018,0.054290354
603030.0,Lamp Head,2017-06-01,5500.0,4.0,4.0,Adventure,0.0,0.0,Exploration,4.0,0.0,0.0,,mostly positive,single only,249.0,66.0,24.1,1146.0,,315.0,0,2017,0.5764675
603090.0,Dream Stone,2017-03-08,5500.0,5.0,5.0,Adventure,0.0,5.0,Adventure,2.0,0.0,0.0,,mixed,single only,25.0,22.0,32.7,4780.0,2.1,47.0,0,2017,0.16881925
603100.0,ATOMINE,2017-05-04,10500.0,5.0,5.0,Action,0.0,38.0,Action Roguelike,8.0,0.0,0.0,,mostly positive,single only,234.0,73.0,,,30.1,307.0,0,2017,0.9163017
603110.0,Grizzland,2019-07-17,5500.0,5.0,5.0,Action,0.0,37.0,Metroidvania,8.0,0.0,0.0,,positive,single only,30.0,3.0,0.1,6.0,38.6,33.0,0,2019,0.9860206
603140.0,Connected Hearts - Visual novel,2017-08-12,0.0,6.0,6.0,Casual,0.0,13.0,Free to Play,3.0,0.0,0.0,,very positive,single only,251.0,30.0,,,28.8,281.0,0,2017,0.78907263
603190.0,Tank Destroyer,2017-03-10,1100.0,6.0,6.0,Action,0.0,0.0,Action,27.0,0.0,0.0,,mostly positive,single only,235.0,66.0,28.0,377.0,,301.0,0,2017,0.9871346
603230.0,The Wendigo,2017-02-24,1100.0,6.0,6.0,Action,0.0,0.0,Action,1.0,0.0,0.0,,positive,single only,23.0,4.0,,,,27.0,0,2017,0.9249179
603260.0,The Cat Games,2017-03-24,2200.0,6.0,6.0,Action,0.0,16.0,Casual,2.0,0.0,0.0,,very positive,single only,804.0,90.0,,,77.9,894.0,1,2017,0.99339736
603280.0,TAROTICA VOO DOO,2017-12-29,9900.0,6.0,6.0,Action,0.0,0.0,Indie,5.0,0.0,1.0,,positive,single only,22.0,2.0,,,,24.0,0,2017,0.9045275
603320.0,Age of Defense,2019-05-28,9500.0,6.0,6.0,Indie,1.0,39.0,Tower Defense,9.0,0.0,0.0,,mostly positive,single only,396.0,114.0,1.6,21.0,79.8,510.0,1,2019,0.5937199
603350.0,Don't cut your hand,2017-05-05,1100.0,5.0,5.0,Action,0.0,13.0,Casual,2.0,0.0,0.0,,very positive,single and multi,166.0,38.0,,,31.4,204.0,0,2017,0.86567557
603360.0,CryptoMoneya,2017-09-04,1100.0,6.0,6.0,Casual,0.0,69.0,Indie,1.0,0.0,1.0,,mixed,single only,95.0,53.0,85.3,1718.0,4.4,148.0,0,2017,0.20702285
603800.0,ReThink,2017-03-09,10500.0,5.0,5.0,Casual,0.0,7.0,Puzzle,1.0,0.0,0.0,,very positive,single only,192.0,48.0,,,76.4,240.0,0,2017,0.045619488
603810.0,A Girls Fabric Face,2017-03-11,3300.0,5.0,5.0,Adventure,0.0,9.0,Adventure,1.0,0.0,0.0,,very positive,single only,141.0,25.0,0.7,7.0,34.2,166.0,0,2017,0.97318363
603850.0,Age of History II,2018-11-22,5500.0,4.0,4.0,Strategy,0.0,35.0,Strategy,20.0,0.0,0.0,very positive,very positive,single only,21607.0,3176.0,1314.5,2889.0,56.0,24783.0,1,2018,0.6246133
603880.0,Sounds of Her Love,2017-03-10,0.0,5.0,5.0,Adventure,0.0,6.0,Free to Play,1.0,0.0,1.0,,very positive,single only,626.0,59.0,1.1,26.0,17.2,685.0,1,2017,0.89702654
603930.0,Battle Princess Madelyn,2018-12-06,20500.0,6.0,6.0,Action,0.0,30.0,Indie,4.0,0.0,1.0,,mixed,single only,101.0,36.0,,,54.4,137.0,0,2018,0.04115802
603960.0,Monolith,2017-06-08,8500.0,6.0,6.0,Action,0.0,42.0,Roguelite,2.0,0.0,1.0,very positive,overwhelmingly positive,single only,1480.0,28.0,11.5,128.0,96.5,1508.0,1,2017,0.003972262
604140.0,Broccoli Bob,2017-03-22,2200.0,5.0,5.0,Adventure,0.0,0.0,Indie,1.0,0.0,0.0,,mostly positive,single only,42.0,17.0,31.9,1181.0,,59.0,0,2017,0.8599249
604150.0,Bomb Royale,2018-12-13,5500.0,5.0,5.0,Casual,1.0,17.0,Casual,2.0,0.0,0.0,,mixed,single and multi,60.0,42.0,24.9,1730.0,6.7,102.0,0,2018,0.18618867
604240.0,Shotgun Farmers,2019-03-09,10500.0,5.0,5.0,Action,0.0,74.0,Multiplayer,13.0,0.0,0.0,very positive,very positive,single and multi,8312.0,621.0,29.0,450.0,91.0,8933.0,1,2019,0.006338507
604300.0,Show Must Go On,2017-03-09,16000.0,6.0,6.0,Casual,0.0,0.0,Casual,1.0,0.0,0.0,,mostly positive,single only,30.0,11.0,,,,41.0,0,2017,0.6328808
604330.0,The Crown of Leaves,2018-11-27,5500.0,4.0,6.0,Adventure,0.0,33.0,Adventure,2.0,0.0,1.0,very positive,overwhelmingly positive,single only,1485.0,43.0,4.2,254.0,60.7,1528.0,1,2018,0.8430481
604450.0,Another Adventure,2017-03-10,2200.0,6.0,6.0,Adventure,0.0,5.0,Indie,5.0,0.0,0.0,,very positive,single only,3933.0,376.0,,,94.2,4309.0,1,2017,0.016557395
604490.0,Running Through Russia,2017-05-22,1100.0,6.0,6.0,Adventure,0.0,4094.0,Casual,2.0,0.0,0.0,mostly positive,mostly positive,single only,980.0,390.0,,,98.0,1370.0,1,2017,0.86533237
604500.0,Tank Force,2017-10-23,0.0,6.0,6.0,Action,0.0,0.0,Free to Play,13.0,0.0,0.0,mostly positive,,,1118.0,685.0,117.4,328.0,,1803.0,0,2017,0.8918524
604780.0,aMAZE,2017-03-15,1100.0,3.0,3.0,Casual,0.0,14.0,Casual,1.0,0.0,0.0,very positive,very positive,single only,547.0,111.0,2.8,2122.0,10.2,658.0,1,2017,0.2356694
604950.0,RGBverse,2017-03-25,0.0,6.0,6.0,Action,0.0,19.0,Free to Play,1.0,0.0,0.0,,mixed,single only,14.0,10.0,,,26.4,24.0,0,2017,0.90407026
605230.0,Grey Hack,2017-12-15,20500.0,6.0,6.0,Indie,0.0,0.0,Hacking,2.0,0.0,0.0,very positive,very positive,single and multi,816.0,97.0,20.1,73.0,,913.0,1,2017,0.0006238818
605450.0,In Death,2018-10-03,31000.0,6.0,6.0,Action,0.0,101.0,VR,1.0,0.0,0.0,,very positive,single only,799.0,138.0,,,77.1,937.0,1,2018,0.00063344836
605610.0,Dawn,2017-04-01,0.0,4.0,4.0,Adventure,0.0,12.0,Free to Play,5.0,0.0,0.0,,very positive,single only,677.0,68.0,,,60.8,745.0,1,2017,0.37469205
605740.0,"Flashing Lights - Police, Firefighting, Emergency Services Simulator",2018-06-08,26000.0,6.0,3.0,Action,0.0,0.0,Early Access,20.0,0.0,0.0,mostly positive,very positive,single and multi,9633.0,1916.0,127.9,706.0,,11549.0,1,2018,0.3930654
605770.0,Luna,2017-10-18,15500.0,6.0,6.0,Casual,0.0,17.0,Indie,21.0,0.0,0.0,,very positive,single only,92.0,16.0,0.1,11.0,61.4,108.0,0,2017,0.00080507994
605830.0,Organ Quarter,2017-10-20,27000.0,5.0,5.0,Action,0.0,0.0,Survival Horror,1.0,0.0,1.0,,very positive,single only,235.0,25.0,,,,260.0,0,2017,0.9416379
605920.0,VOLTED,2018-07-11,5500.0,6.0,6.0,Action,0.0,16.0,Action,10.0,0.0,0.0,,very positive,single and multi,114.0,22.0,0.3,7.0,79.2,136.0,0,2018,0.63784736
605990.0,Heart's Medicine - Hospital Heat,2017-05-23,13500.0,6.0,6.0,Adventure,0.0,21.0,Casual,15.0,0.0,1.0,,very positive,single only,301.0,11.0,3.0,141.0,82.4,312.0,0,2017,0.9882561
606000.0,Die for Valhalla!,2018-05-29,12500.0,5.0,5.0,Action,0.0,38.0,Beat 'em up,12.0,0.0,0.0,,mixed,single and multi,90.0,30.0,,,55.7,120.0,0,2018,0.925221
606060.0,Dark Tower,2017-03-14,5500.0,5.0,5.0,Action,0.0,16.0,RPG,1.0,0.0,0.0,,mostly positive,single only,16.0,5.0,,,77.5,21.0,0,2017,0.9999994
606150.0,Moonlighter,2018-05-29,20500.0,6.0,2.0,Action,0.0,67.0,Roguelite,12.0,0.0,1.0,very positive,very positive,single only,11244.0,2231.0,255.7,6158.0,66.4,13475.0,1,2018,0.00059199333
606300.0,Divine Ascent,2017-04-12,5500.0,6.0,5.0,Casual,0.0,20.0,Casual,5.0,0.0,1.0,,3 user reviews,single only,10.0,2.0,,,11.8,12.0,0,2017,0.9988301
606360.0,Mech Skeleton,2017-03-22,4400.0,6.0,6.0,Action,0.0,0.0,Indie,1.0,0.0,0.0,,8 user reviews,single only,9.0,3.0,,,,12.0,0,2017,0.4464657
606480.0,Flood of Light,2017-06-15,4400.0,6.0,6.0,Adventure,0.0,50.0,Indie,3.0,0.0,1.0,,very positive,single only,220.0,14.0,0.4,26.0,86.4,234.0,0,2017,0.99603003
606490.0,Duck Life: Space,2017-05-05,4400.0,6.0,6.0,Casual,0.0,0.0,Casual,1.0,0.0,0.0,,very positive,single only,86.0,14.0,,,,100.0,0,2017,0.40088415
606520.0,Grisaia Phantom Trigger Vol.2,2017-04-28,16000.0,2.0,2.0,Adventure,0.0,14.0,Visual Novel,3.0,0.0,1.0,,very positive,single only,120.0,3.0,,,87.1,123.0,0,2017,0.36827794
606680.0,Silver,1999-08-31,6000.0,6.0,1.0,Action,0.0,0.0,RPG,6.0,0.0,0.0,,very positive,single only,557.0,42.0,,,,599.0,1,1999,0.90715075
606710.0,Sphinx and the Cursed Mummy,2003-11-10,15000.0,6.0,1.0,Adventure,0.0,34.0,Adventure,6.0,0.0,1.0,,very positive,single only,401.0,30.0,3.3,70.0,70.4,431.0,0,2003,0.3756252
606730.0,Sine Mora EX,2017-08-09,10000.0,6.0,4.0,Action,0.0,12.0,Side Scroller,10.0,0.0,0.0,,mixed,single and multi,318.0,168.0,,,22.9,486.0,0,2017,0.9566953
606800.0,Startup Company,2020-04-11,13500.0,4.0,4.0,Casual,0.0,29.0,Management,15.0,0.0,0.0,very positive,very positive,single only,4452.0,1017.0,77.2,1969.0,94.4,5469.0,1,2020,0.01894483
606890.0,Masters of Anima,2018-04-11,7000.0,5.0,2.0,Action,0.0,30.0,Action,7.0,0.0,0.0,,very positive,single only,240.0,44.0,,,85.9,284.0,0,2018,0.3228804
606960.0,CRIMSON METAL Classic 1999,2017-05-05,5500.0,6.0,6.0,Action,0.0,0.0,Action,1.0,0.0,1.0,,mixed,single only,114.0,111.0,53.3,1187.0,,225.0,0,2017,0.40473786
607050.0,Wargroove,2019-02-01,20500.0,1.0,1.0,Indie,0.0,23.0,Turn-Based Tactics,11.0,0.0,1.0,very positive,very positive,single and multi,3698.0,675.0,69.1,5061.0,81.3,4373.0,1,2019,0.95024264
607080.0,Psychonauts 2,2021-08-25,59900.0,6.0,1.0,Action,0.0,57.0,Story Rich,8.0,0.0,1.0,very positive,overwhelmingly positive,single only,7142.0,155.0,172.2,7234.0,88.2,7297.0,1,2021,0.001480192
607260.0,McOsu,2017-03-21,0.0,6.0,6.0,Indie,0.0,0.0,Rhythm,1.0,0.0,1.0,very positive,very positive,single only,4477.0,488.0,165.6,374.0,,4965.0,1,2017,0.88312113
607400.0,Necrosphere,2017-09-01,8500.0,5.0,5.0,Action,0.0,13.0,Precision Platformer,10.0,0.0,0.0,,very positive,single only,122.0,11.0,,,63.0,133.0,0,2017,0.63008636
607460.0,Epic Snails,2017-12-05,0.0,6.0,6.0,Action,0.0,0.0,Action,1.0,0.0,1.0,,very positive,,281.0,26.0,0.1,110.0,,307.0,0,2017,0.9362355
607660.0,21 Days,2017-06-17,2200.0,6.0,6.0,Adventure,0.0,21.0,Simulation,3.0,0.0,0.0,,mostly positive,single only,46.0,15.0,0.1,50.0,34.0,61.0,0,2017,0.008827388
607670.0,Puzzle Guardians,2017-04-18,11500.0,6.0,6.0,Casual,0.0,0.0,RPG,4.0,0.0,0.0,,6 user reviews,single only,4.0,2.0,,,,6.0,0,2017,0.6394857
607680.0,Popap,2017-03-15,1100.0,6.0,6.0,Casual,0.0,0.0,Casual,2.0,0.0,0.0,,mixed,single only,17.0,7.0,,,,24.0,0,2017,0.02007097
607820.0,Infinite Adventures®,2018-10-30,15500.0,6.0,6.0,Indie,0.0,74.0,RPG,1.0,0.0,0.0,,very positive,single only,90.0,7.0,2.2,46.0,91.0,97.0,0,2018,0.7802587
607880.0,Accel World VS. Sword Art Online Deluxe Edition,2017-09-12,50800.0,1.0,1.0,RPG,0.0,40.0,Anime,8.0,0.0,0.0,,mostly positive,single and multi,756.0,248.0,5.3,408.0,60.1,1004.0,1,2017,0.9999982
607890.0,Sword Art Online: Hollow Realization Deluxe Edition,2017-10-27,50800.0,1.0,1.0,Action,0.0,53.0,Anime,9.0,0.0,0.0,mostly positive,mostly positive,single and multi,5522.0,1340.0,72.9,3234.0,50.2,6862.0,1,2017,0.0033753812
608110.0,Null Vector,2018-05-04,5500.0,6.0,6.0,Action,0.0,0.0,Action Roguelike,1.0,0.0,0.0,,positive,single and multi,254.0,8.0,,,,262.0,0,2018,0.9178467
608120.0,AFTERBURN,2019-12-12,10500.0,5.0,5.0,Action,1.0,11.0,Flight,1.0,0.0,0.0,,very positive,single only,232.0,34.0,,,91.3,266.0,0,2019,0.7812648
608370.0,Drums Hero,2017-03-24,21000.0,6.0,6.0,Action,0.0,0.0,Casual,2.0,0.0,1.0,,mostly positive,single only,60.0,23.0,,,,83.0,0,2017,0.77278113
608530.0,TARTARUS,2017-11-22,20500.0,6.0,6.0,Action,0.0,8.0,Indie,6.0,0.0,0.0,,mixed,single only,109.0,96.0,,,82.5,205.0,0,2017,0.9843453
608670.0,Miracle Mia,2019-08-23,6500.0,6.0,6.0,Action,0.0,0.0,Action,1.0,0.0,0.0,,positive,single only,24.0,1.0,,,,25.0,0,2019,0.93593717
608760.0,Doodle Devil,2017-05-25,10500.0,5.0,5.0,Casual,0.0,9.0,Indie,13.0,0.0,0.0,,very positive,single only,109.0,21.0,1.0,840.0,35.4,130.0,0,2017,0.30737063
608800.0,Guns of Icarus Alliance,2017-04-01,5500.0,5.0,5.0,Action,0.0,849.0,Indie,1.0,0.0,1.0,,very positive,multi only,1012.0,317.0,4.6,2097.0,62.4,1329.0,1,2017,0.56034607
608990.0,The Archotek Project,2017-04-29,1100.0,6.0,6.0,Casual,0.0,9.0,Early Access,8.0,0.0,0.0,,mixed,,436.0,338.0,1.0,1128.0,5.1,774.0,0,2017,0.45218346
609110.0,Blazing Chrome,2019-07-11,17500.0,4.0,4.0,Action,0.0,39.0,Action,11.0,0.0,1.0,very positive,very positive,single and multi,1135.0,138.0,3.6,108.0,65.7,1273.0,1,2019,0.9296118
609150.0,STAR OCEAN™ - THE LAST HOPE -™ 4K & Full HD Remaster,2017-11-29,20500.0,1.0,1.0,Action,0.0,46.0,RPG,6.0,0.0,0.0,very positive,mostly positive,single only,869.0,352.0,35.7,1302.0,55.8,1221.0,1,2017,0.0007479191
609170.0,Drummer Talent VR,2017-05-06,21000.0,6.0,6.0,Casual,0.0,11.0,Music,5.0,0.0,0.0,,mixed,single only,27.0,20.0,,,13.4,47.0,0,2017,0.6246133
609320.0,FAR: Lone Sails,2018-05-18,15500.0,4.0,5.0,Action,0.0,14.0,Atmospheric,14.0,0.0,1.0,overwhelmingly positive,very positive,single only,10516.0,640.0,24.6,898.0,88.4,11156.0,1,2018,0.98127687
609420.0,Never Give Up,2019-08-14,15500.0,5.0,3.0,Action,0.0,49.0,Indie,12.0,0.0,0.0,,very positive,single only,96.0,10.0,,,92.8,106.0,0,2019,0.6246133
609490.0,Minit,2018-04-03,10500.0,5.0,1.0,Adventure,0.0,27.0,Minimalist,12.0,0.0,1.0,,very positive,single only,1843.0,195.0,4.6,226.0,83.5,2038.0,1,2018,0.0023125112
609850.0,Slinger VR,2020-04-24,15500.0,6.0,6.0,Action,0.0,0.0,Action,1.0,0.0,0.0,,positive,single only,30.0,10.0,,,,40.0,0,2020,0.15931693
609920.0,Hotshot Racing,2020-09-11,20500.0,6.0,2.0,Action,0.0,53.0,Racing,10.0,0.0,1.0,,mostly positive,single and multi,924.0,337.0,4.3,153.0,71.2,1261.0,1,2020,0.9940604
609940.0,KROSMAGA,2017-04-13,0.0,4.0,4.0,Casual,0.0,44.0,Free to Play,3.0,0.0,0.0,,mostly positive,single only,704.0,246.0,9.0,755.0,33.6,950.0,1,2017,0.9999439
610080.0,Realm Grinder,2017-06-16,0.0,3.0,3.0,Free to Play,0.0,14.0,Free to Play,7.0,0.0,0.0,very positive,very positive,single only,5031.0,751.0,899.5,6247.0,90.7,5782.0,1,2017,0.83191454
610130.0,UltraGoodness,2017-06-03,5500.0,5.0,5.0,Action,0.0,22.0,Action,10.0,0.0,1.0,,mostly positive,single only,157.0,51.0,0.5,1056.0,8.5,208.0,0,2017,0.7921728
610160.0,Aeronautica Imperialis: Flight Command,2020-05-28,26000.0,5.0,4.0,Strategy,0.0,48.0,Strategy,1.0,0.0,1.0,,mixed,single only,79.0,90.0,0.8,18.0,34.5,169.0,0,2020,0.6246133
610180.0,The Jackbox Party Pack 4,2017-10-19,27000.0,2.0,2.0,Casual,0.0,20.0,Casual,1.0,0.0,1.0,very positive,very positive,multi only,2293.0,125.0,98.4,3829.0,48.8,2418.0,1,2017,0.6246133
610190.0,WARRIORS ALL-STARS,2017-08-30,65000.0,1.0,1.0,Action,0.0,38.0,Action,4.0,0.0,1.0,,mostly positive,single only,459.0,162.0,4.3,357.0,89.7,621.0,1,2017,0.8596431
610250.0,Glitch's Trip,2020-08-26,16000.0,5.0,5.0,Action,0.0,34.0,Action,14.0,0.0,0.0,,positive,single only,28.0,1.0,,,51.3,29.0,0,2020,0.089188874
610350.0,Poker Show VR,2017-05-30,3300.0,6.0,6.0,Casual,0.0,18.0,Sexual Content,9.0,0.0,0.0,,mixed,single only,20.0,26.0,,,60.3,46.0,0,2017,0.6515316
610360.0,Zup! Zero,2017-04-06,1100.0,4.0,4.0,Casual,0.0,1043.0,Indie,27.0,0.0,1.0,very positive,very positive,single only,2277.0,157.0,10.4,301.0,55.3,2434.0,1,2017,0.963582
610370.0,Desperados III,2020-06-17,50900.0,2.0,1.0,Strategy,0.0,36.0,Strategy,10.0,0.0,1.0,very positive,overwhelmingly positive,single only,9820.0,333.0,230.3,5997.0,43.5,10153.0,1,2020,0.5439417
610380.0,Ratty Catty,2017-07-21,16000.0,5.0,5.0,Action,0.0,46.0,Funny,4.0,0.0,0.0,mostly positive,,single and multi,532.0,296.0,7.2,58.0,75.9,828.0,0,2017,0.9894368
610410.0,PAWARUMI,2018-01-30,15500.0,5.0,5.0,Action,0.0,30.0,Shoot 'Em Up,11.0,0.0,1.0,,positive,single only,62.0,5.0,0.1,8.0,15.1,67.0,0,2018,0.99986434
610500.0,Willy-Nilly Knight,2017-11-10,16000.0,6.0,6.0,Adventure,0.0,15.0,RPG,4.0,0.0,1.0,,mostly positive,single only,213.0,69.0,,,56.9,282.0,0,2017,0.01986739
610610.0,PacaPlus,2017-03-31,10500.0,1.0,1.0,Casual,0.0,5.0,Indie,2.0,0.0,0.0,,positive,single only,48.0,7.0,,,47.8,55.0,0,2017,0.4031903
610670.0,Alchemyland,2017-08-03,1100.0,6.0,6.0,Adventure,0.0,7.0,Early Access,1.0,0.0,0.0,,mostly negative,single only,59.0,77.0,91.1,2485.0,4.2,136.0,0,2017,0.89969563
610740.0,SuperCluster: Void,2017-05-16,5500.0,6.0,6.0,Adventure,0.0,0.0,Adventure,1.0,0.0,0.0,,mostly positive,single only,18.0,4.0,,,,22.0,0,2017,0.77466196
610810.0,Your Friend Hana,2017-04-07,1100.0,6.0,6.0,Adventure,0.0,0.0,Anime,1.0,0.0,0.0,very positive,,single only,388.0,201.0,4.0,279.0,,589.0,0,2017,0.56850713
610840.0,JASEM: Just Another Shooter with Electronic Music,2017-10-20,11100.0,5.0,5.0,Action,0.0,19.0,Action,14.0,0.0,1.0,,mixed,single only,111.0,39.0,,,22.5,150.0,0,2017,0.15872133
610860.0,Shogo: Mobile Armor Division,1998-10-15,10500.0,6.0,4.0,Action,0.0,0.0,Action,1.0,0.0,0.0,,mostly positive,single only,109.0,38.0,0.5,11.0,,147.0,0,1998,0.87519777
610900.0,Sumatra: Fate of Yandi,2019-05-15,7500.0,5.0,5.0,Adventure,0.0,26.0,Point & Click,4.0,0.0,1.0,,very positive,single only,110.0,3.0,,,80.6,113.0,0,2019,0.92762256
610940.0,iStorm,2017-03-16,0.0,6.0,6.0,Action,0.0,0.0,Action,1.0,0.0,0.0,,mixed,multi only,46.0,67.0,0.1,46.0,,113.0,0,2017,0.9062556
610960.0,红石遗迹 - Red Obsidian Remnant,2017-09-05,9500.0,6.0,6.0,Action,0.0,17.0,Action Roguelike,3.0,0.0,1.0,,very positive,single only,682.0,128.0,1.5,275.0,74.0,810.0,1,2017,0.9533607
610980.0,The Midnight Sanctuary,2018-10-04,9800.0,6.0,6.0,Adventure,0.0,11.0,Indie,2.0,0.0,0.0,,positive,single only,23.0,1.0,,,61.7,24.0,0,2018,0.059030622
611020.0,CityBattle | Virtual Earth,2018-10-02,0.0,6.0,6.0,Action,0.0,6.0,Free to Play,2.0,0.0,0.0,,mixed,,1060.0,522.0,0.2,638.0,53.0,1582.0,0,2018,0.2745216
611040.0,Tube Tycoon,2018-03-29,11500.0,6.0,6.0,Casual,0.0,34.0,Simulation,8.0,0.0,0.0,,mostly positive,single only,397.0,124.0,3.0,127.0,99.0,521.0,1,2018,0.99738073
611180.0,Super Street: The Game,2018-09-11,26000.0,6.0,5.0,Racing,0.0,27.0,Racing,9.0,0.0,0.0,,mixed,single only,148.0,161.0,1.4,61.0,68.9,309.0,0,2018,0.41952056
611350.0,Evil Tag,2017-04-07,1100.0,4.0,4.0,Action,0.0,0.0,Action,2.0,0.0,0.0,,mixed,multi only,409.0,199.0,66.7,670.0,,608.0,0,2017,0.094634384
611620.0,TheNightfall,2018-01-12,26000.0,6.0,5.0,Action,0.0,20.0,Adventure,8.0,0.0,1.0,,mixed,single only,94.0,32.0,0.1,36.0,43.0,126.0,0,2018,0.1935598
611630.0,Grave Chase,2017-09-21,6500.0,6.0,6.0,Action,0.0,56.0,Action,1.0,0.0,0.0,,positive,single only,40.0,3.0,,,80.8,43.0,0,2017,0.8447021
611660.0,Fallout 4 VR,2017-12-12,69000.0,1.0,1.0,RPG,0.0,50.0,VR,10.0,0.0,0.0,,,single only,4134.0,2422.0,68.3,3619.0,68.9,6556.0,0,2017,0.12763837
611670.0,The Elder Scrolls V: Skyrim VR,2018-04-03,69000.0,1.0,1.0,RPG,0.0,75.0,Open World,9.0,1.0,0.0,,mostly positive,single only,6350.0,2008.0,288.4,11030.0,55.5,8358.0,1,2018,0.5694775
611750.0,Welcome to Hanwell,2017-10-20,15500.0,6.0,6.0,Action,0.0,13.0,Indie,1.0,0.0,0.0,,mixed,single only,136.0,127.0,,,44.6,263.0,0,2017,0.33171827
611760.0,Don't Escape: 4 Days to Survive,2019-03-12,16000.0,4.0,3.0,Adventure,0.0,25.0,Adventure,3.0,0.0,0.0,very positive,overwhelmingly positive,single only,1489.0,26.0,11.5,145.0,62.3,1515.0,1,2019,0.9740383
611770.0,Void Source,2020-08-23,5500.0,6.0,6.0,Action,0.0,10.0,On-Rails Shooter,3.0,0.0,1.0,,very positive,single and multi,79.0,20.0,100.2,733.0,3.2,99.0,0,2020,0.67537624
611830.0,Park Bound,2017-12-01,16000.0,6.0,6.0,Action,0.0,0.0,Massively Multiplayer,1.0,0.0,0.0,,very positive,single and multi,85.0,11.0,,,,96.0,0,2017,0.9812651
611980.0,Oik 2,2017-03-28,1100.0,4.0,4.0,Casual,0.0,365.0,Minimalist,29.0,0.0,0.0,very positive,very positive,single only,1124.0,85.0,3.7,493.0,56.7,1209.0,1,2017,0.95453167
612020.0,Zombidle : REMONSTERED,2017-05-30,0.0,4.0,4.0,Casual,0.0,35.0,Free to Play,7.0,0.0,1.0,,very positive,single only,1353.0,211.0,115.8,2379.0,92.7,1564.0,1,2017,0.620671
612170.0,One Eyed Kutkh,2017-03-31,3300.0,6.0,6.0,Adventure,0.0,8.0,Adventure,7.0,0.0,1.0,,mostly positive,single only,100.0,21.0,,,63.3,121.0,0,2017,0.9674696
612240.0,Tank games Zoo War: Battle Royale online,2020-07-31,0.0,6.0,6.0,Action,0.0,0.0,Free to Play,10.0,0.0,0.0,,mixed,,30.0,29.0,0.1,7.0,,59.0,0,2020,0.4095823
612300.0,Sudden Strike Gold,2001-01-24,7100.0,6.0,2.0,Strategy,0.0,0.0,Strategy,4.0,0.0,0.0,,very positive,single only,277.0,42.0,31.2,104.0,,319.0,0,2001,0.46362266
612310.0,GORB,2017-04-30,1100.0,6.0,6.0,Casual,0.0,14.0,Casual,1.0,0.0,0.0,,positive,single only,31.0,2.0,,,80.1,33.0,0,2017,0.6246133
612370.0,PAKO 2,2017-11-16,6500.0,6.0,6.0,Action,0.0,8.0,Action Roguelike,1.0,0.0,1.0,,very positive,single only,286.0,16.0,,,87.9,302.0,0,2017,0.9399244
612390.0,Dandara: Trials of Fear Edition,2018-02-07,15500.0,2.0,2.0,Action,0.0,23.0,Indie,12.0,0.0,1.0,,very positive,single only,681.0,182.0,4.0,86.0,93.0,863.0,1,2018,0.4198521
612470.0,Bio Inc. Redemption,2018-03-08,13500.0,6.0,6.0,Indie,0.0,41.0,Medical Sim,4.0,0.0,0.0,very positive,very positive,single only,1438.0,168.0,13.5,326.0,75.9,1606.0,1,2018,0.8780265
612510.0,The Far Frontier,2017-08-15,3300.0,6.0,6.0,Casual,0.0,15.0,Strategy,26.0,0.0,0.0,,mostly positive,single only,33.0,17.0,,,5.2,50.0,0,2017,0.0059972107
612520.0,Sudden Strike 2 Gold,2002-08-30,7100.0,6.0,2.0,Strategy,0.0,0.0,Strategy,4.0,0.0,0.0,,very positive,single only,191.0,36.0,13.0,57.0,,227.0,0,2002,0.08029395
612540.0,Sudden Strike 3,2007-12-07,7100.0,6.0,2.0,Strategy,0.0,0.0,Strategy,3.0,0.0,0.0,,mixed,single only,100.0,47.0,11.6,60.0,,147.0,0,2007,0.94819736
612570.0,Fort Triumph,2020-04-16,20500.0,5.0,4.0,Indie,0.0,27.0,Strategy,10.0,0.0,0.0,,mostly positive,single and multi,646.0,167.0,7.3,539.0,67.7,813.0,1,2020,0.6246133
612590.0,Mouse Playhouse,2017-04-01,0.0,4.0,4.0,Casual,0.0,15.0,Free to Play,3.0,0.0,0.0,,very positive,single only,43.0,7.0,,,55.4,50.0,0,2017,0.063091904
612610.0,Bombinator,2017-05-06,0.0,6.0,6.0,Action,0.0,44.0,Free to Play,1.0,0.0,0.0,,mostly negative,multi only,38.0,64.0,,,3.7,102.0,0,2017,0.899094
612720.0,SAELIG,2017-07-01,15500.0,6.0,6.0,Indie,0.0,12.0,Simulation,1.0,0.0,0.0,mostly positive,mostly positive,single only,447.0,111.0,8.0,97.0,67.3,558.0,1,2017,0.36784357
612740.0,Bokida - Heartfelt Reunion,2017-05-17,10500.0,6.0,6.0,Adventure,0.0,27.0,Indie,8.0,0.0,1.0,,mostly positive,single only,112.0,34.0,,,76.4,146.0,0,2017,0.53205156
612820.0,Fallen Legion: Rise to Glory,2018-01-06,31000.0,6.0,6.0,Action,0.0,61.0,Action,5.0,0.0,0.0,,mixed,single only,48.0,25.0,0.0,30.0,80.4,73.0,0,2018,0.019433945
612890.0,Link Twin,2017-04-13,4400.0,6.0,6.0,Casual,0.0,11.0,Indie,7.0,0.0,0.0,,9 user reviews,single only,15.0,2.0,0.0,2.0,76.5,17.0,0,2017,0.9672533
612930.0,Fight of Gods,2019-03-28,16500.0,5.0,5.0,Action,0.0,36.0,Action,4.0,0.0,1.0,,very positive,single only,663.0,117.0,1.0,273.0,36.0,780.0,1,2019,0.99472296
613100.0,House Flipper,2018-05-17,26000.0,6.0,2.0,Indie,0.0,73.0,Simulation,22.0,0.0,1.0,overwhelmingly positive,very positive,single only,58861.0,4152.0,4126.1,12990.0,94.6,63013.0,1,2018,0.0027671456
613130.0,Mega Overload VR,2017-04-19,16000.0,6.0,6.0,Action,0.0,22.0,Action,1.0,0.0,0.0,,positive,single and multi,34.0,1.0,1.1,95.0,19.3,35.0,0,2017,0.98847127
613190.0,Unworthy,2018-05-30,15500.0,5.0,5.0,Action,0.0,29.0,Indie,1.0,0.0,1.0,,very positive,single only,499.0,114.0,2.1,98.0,87.6,613.0,1,2018,0.003192544
613210.0,BlobCat,2017-08-31,10500.0,6.0,6.0,Casual,0.0,11.0,Indie,6.0,0.0,0.0,,positive,single only,54.0,4.0,0.0,25.0,23.8,58.0,0,2017,0.95108765
613240.0,Stonekeep,1995-11-08,10500.0,4.0,4.0,Action,0.0,0.0,RPG,1.0,0.0,0.0,,very positive,single only,84.0,4.0,1.2,12.0,,88.0,0,1995,0.97465146
613270.0,Dinosis Survival,2017-07-07,5500.0,6.0,6.0,Action,0.0,20.0,Simulation,5.0,0.0,0.0,,mixed,single only,148.0,135.0,,,96.5,283.0,0,2017,0.7334331
613410.0,Delphinia Chronicle,2017-06-15,5500.0,6.0,6.0,Action,0.0,0.0,Action,1.0,0.0,0.0,,mostly negative,single and multi,4.0,11.0,,,,15.0,0,2017,0.6246133
613470.0,The Inner World - The Last Wind Monk,2017-10-21,23600.0,2.0,6.0,Adventure,0.0,25.0,Adventure,7.0,0.0,0.0,,very positive,single only,264.0,29.0,,,66.8,293.0,0,2017,0.08784428
613590.0,Dungeon Of Zaar - Open Beta,2018-04-17,0.0,4.0,6.0,Free to Play,0.0,0.0,Strategy,2.0,0.0,1.0,,mixed,single only,88.0,40.0,,,,128.0,0,2018,0.6246133
613730.0,Need For Drink,2017-11-03,2200.0,5.0,5.0,Action,0.0,36.0,Action,22.0,0.0,0.0,,mostly positive,single only,738.0,256.0,,,86.1,994.0,1,2017,0.13457853
613830.0,CHRONO TRIGGER®,2018-02-28,14500.0,1.0,1.0,RPG,0.0,13.0,RPG,9.0,0.0,0.0,very positive,very positive,single only,5476.0,839.0,169.3,943.0,14.1,6315.0,1,2018,0.94379556
613880.0,Zoo Tycoon: Ultimate Animal Collection,2018-09-15,20500.0,1.0,1.0,Simulation,0.0,59.0,Simulation,12.0,0.0,0.0,,,single only,908.0,538.0,30.2,401.0,80.6,1446.0,0,2018,0.0405176
613900.0,Museum of Other Realities,2020-02-27,0.0,6.0,6.0,Casual,1.0,0.0,Simulation,1.0,0.0,1.0,,very positive,single and multi,308.0,25.0,3.6,130.0,,333.0,0,2020,0.09082115
614030.0,Rhythm Rush!,2017-04-07,1100.0,6.0,6.0,Action,0.0,78.0,Action,7.0,0.0,0.0,,mostly positive,single only,117.0,44.0,,,21.1,161.0,0,2017,0.9488484
614090.0,Deadbeat Heroes,2017-10-11,14500.0,6.0,6.0,Action,0.0,14.0,Action,1.0,0.0,0.0,,positive,single and multi,55.0,28.0,,,32.7,83.0,0,2017,0.1415858
614250.0,Carrier,2017-09-01,0.0,6.0,6.0,Casual,0.0,0.0,Free to Play,1.0,0.0,0.0,,positive,single only,30.0,7.0,,,,37.0,0,2017,0.3380221
614260.0,Gates Of Nowhere,2018-07-06,10500.0,4.0,4.0,Action,0.0,0.0,Gore,1.0,0.0,0.0,,mixed,single only,39.0,19.0,,,,58.0,0,2018,0.12936315
614450.0,Bellatia,2020-05-07,20500.0,6.0,6.0,Action,0.0,98.0,Action,2.0,0.0,0.0,,mixed,single only,15.0,23.0,,,2.0,38.0,0,2020,0.0010634661
614530.0,Garden Tale,2017-09-13,10500.0,6.0,2.0,Indie,0.0,0.0,Turn-Based Tactics,2.0,0.0,0.0,,mostly negative,single only,5.0,8.0,0.2,4.0,,13.0,0,2017,0.8834666
614570.0,Dishonored®: Death of the Outsider™,2017-09-15,33500.0,2.0,1.0,Action,0.0,30.0,Stealth,10.0,0.0,0.0,very positive,very positive,single only,8013.0,1131.0,114.4,6036.0,82.7,9144.0,1,2017,0.9694753
614630.0,Tiny Rails,2017-08-08,10500.0,6.0,6.0,Adventure,0.0,12.0,Trains,1.0,0.0,0.0,,mostly positive,single only,376.0,118.0,9.6,148.0,51.1,494.0,0,2017,0.054298848
614890.0,Cuit,2017-04-27,0.0,6.0,6.0,Casual,0.0,6.0,Casual,2.0,0.0,1.0,,mostly positive,single only,95.0,28.0,,,95.1,123.0,0,2017,0.061493814
614900.0,Devade,2017-03-30,1100.0,5.0,5.0,Action,0.0,75.0,Casual,27.0,0.0,1.0,,mixed,single only,33.0,28.0,21.3,286.0,6.0,61.0,0,2017,0.88925445
614910.0,#monstercakes,2017-05-06,1100.0,5.0,5.0,Casual,0.0,118.0,Casual,6.0,0.0,1.0,very positive,very positive,single only,661.0,90.0,39.8,1053.0,27.0,751.0,1,2017,0.036932886
614940.0,The Misfits,2018-08-21,0.0,5.0,5.0,Action,0.0,0.0,Free to Play,1.0,0.0,0.0,,mixed,,183.0,161.0,0.1,121.0,,344.0,0,2018,0.30201572
614950.0,Shootout on Cash Island,2018-01-19,2200.0,5.0,5.0,Action,0.0,45.0,Indie,9.0,0.0,1.0,,very positive,single only,271.0,45.0,5.5,366.0,19.4,316.0,0,2018,0.99314845
614960.0,NEONomicon,2017-06-02,2200.0,6.0,6.0,Action,0.0,11.0,Indie,27.0,0.0,0.0,,mostly positive,single and multi,75.0,19.0,8.7,397.0,8.4,94.0,0,2017,0.20138344
615090.0,Royal Offense,2017-05-11,10500.0,5.0,5.0,Indie,0.0,24.0,Indie,8.0,0.0,0.0,,mostly positive,single only,65.0,22.0,0.3,956.0,13.7,87.0,0,2017,0.98544836
615150.0,Twist of Destiny,2017-04-14,3300.0,6.0,6.0,Adventure,0.0,5.0,RPG,1.0,0.0,0.0,,mostly positive,single only,31.0,11.0,,,31.5,42.0,0,2017,0.12481484
615180.0,Firewood,2017-08-01,5500.0,5.0,5.0,Adventure,0.0,8.0,Indie,2.0,0.0,1.0,,mostly positive,single only,105.0,32.0,0.0,19.0,29.8,137.0,0,2017,0.6246133
615250.0,M.A.X.: Mechanized Assault & Exploration,1998-07-31,10500.0,4.0,4.0,Action,0.0,0.0,Strategy,1.0,0.0,0.0,,very positive,single only,110.0,13.0,9.2,30.0,,123.0,0,1998,0.024881959
615340.0,Mystic Journey: Tri Peaks Solitaire,2017-05-11,0.0,4.0,4.0,Adventure,0.0,12.0,Free to Play,7.0,0.0,0.0,,mixed,single only,75.0,63.0,3.6,47.0,76.5,138.0,0,2017,0.99541175
615350.0,Scarlett Mysteries: Cursed Child,2017-06-09,10500.0,2.0,2.0,Adventure,0.0,13.0,Adventure,9.0,0.0,0.0,,very positive,single only,186.0,26.0,1.4,38.0,81.0,212.0,0,2017,0.99526143
615400.0,Make It Rain: Love of Money,2018-05-26,0.0,5.0,5.0,Action,0.0,14.0,Free to Play,7.0,0.0,0.0,,mixed,single only,98.0,124.0,0.4,136.0,77.2,222.0,0,2018,0.2760917
615610.0,Orbt XL,2017-04-22,1100.0,6.0,6.0,Action,0.0,31.0,Indie,28.0,0.0,0.0,very positive,overwhelmingly positive,single only,3045.0,95.0,32.7,433.0,55.7,3140.0,1,2017,0.49582517
615630.0,The Sniper VR,2017-08-26,5500.0,6.0,6.0,Action,0.0,0.0,Action,1.0,0.0,0.0,,mixed,single only,20.0,14.0,,,,34.0,0,2017,0.9384925
615670.0,SOLITUNE,2016-11-20,2200.0,5.0,5.0,Adventure,0.0,0.0,Adventure,4.0,0.0,0.0,,very positive,single only,91.0,21.0,,,,112.0,0,2016,0.86890817
615910.0,Katana X,2017-06-10,5500.0,6.0,6.0,Action,0.0,0.0,Simulation,1.0,0.0,0.0,,mixed,single only,77.0,24.0,,,,101.0,0,2017,0.45246726
615970.0,Displaced,2017-07-26,6500.0,4.0,4.0,Adventure,0.0,31.0,Adventure,5.0,0.0,0.0,,mixed,single only,95.0,75.0,,,24.3,170.0,0,2017,0.0048588514
616000.0,Riptale,2017-04-28,6500.0,6.0,6.0,Action,0.0,17.0,Indie,1.0,0.0,1.0,,very positive,single only,93.0,11.0,0.0,17.0,24.6,104.0,0,2017,0.19417778
616040.0,Tales of the Tiny Planet,2017-08-04,10500.0,5.0,5.0,Adventure,0.0,34.0,Indie,9.0,0.0,0.0,,positive,single and multi,23.0,4.0,0.3,14.0,10.9,27.0,0,2017,0.8685287
616110.0,SPACEPLAN,2017-05-04,3300.0,1.0,1.0,Adventure,0.0,0.0,Casual,9.0,0.0,1.0,very positive,very positive,single only,2024.0,197.0,26.4,751.0,,2221.0,1,2017,0.96016717
616220.0,Hide vs. Seek,2017-08-08,0.0,6.0,6.0,Action,0.0,0.0,Free to Play,1.0,0.0,0.0,,mostly negative,,218.0,404.0,,,,622.0,0,2017,0.6536907
616240.0,Premium Pool Arena,2017-04-15,10500.0,5.0,1.0,Casual,0.0,23.0,Casual,1.0,0.0,0.0,,mixed,single only,57.0,58.0,0.1,33.0,23.9,115.0,0,2017,0.04169604
616250.0,Crystalline,2018-08-22,21000.0,6.0,6.0,Action,0.0,0.0,Choose Your Own Adventure,1.0,0.0,0.0,,overwhelmingly positive,single only,1248.0,63.0,2.6,104.0,,1311.0,1,2018,0.98212856
616520.0,Cheap Golf,2018-11-06,5500.0,4.0,4.0,Action,0.0,0.0,Indie,1.0,0.0,1.0,,positive,single only,116.0,24.0,1.0,163.0,,140.0,0,2018,0.5067331
616610.0,GetMeBro!,2020-04-29,0.0,6.0,6.0,Action,1.0,28.0,Free to Play,10.0,0.0,1.0,,very positive,,105.0,24.0,,,22.5,129.0,0,2020,0.24424544
616650.0,RetroFighter VR,2017-05-06,1100.0,6.0,6.0,Action,0.0,0.0,Action,1.0,0.0,0.0,,3 user reviews,single only,0.0,3.0,,,,3.0,0,2017,0.90434694
616700.0,Rage of Car Force: Car Crashing Games,2020-07-21,0.0,6.0,6.0,Action,0.0,0.0,Racing,13.0,0.0,0.0,very positive,mostly positive,multi only,624.0,191.0,8.1,82.0,,815.0,1,2020,0.6604886
616750.0,1943 Deadly Desert,2018-05-15,10500.0,4.0,4.0,Indie,0.0,31.0,Strategy,11.0,0.0,0.0,,mixed,single only,41.0,30.0,,,17.3,71.0,0,2018,0.45493785
616830.0,Cartoon Strike,2020-10-14,0.0,5.0,5.0,Action,1.0,50.0,Free to Play,1.0,0.0,0.0,,mixed,,287.0,160.0,,,20.5,447.0,0,2020,0.921569
616890.0,VR Slugger: The Toy Baseball Field,2017-06-08,13000.0,6.0,6.0,Action,0.0,11.0,Casual,5.0,0.0,0.0,,positive,single only,27.0,4.0,,,39.8,31.0,0,2017,0.98799187
617440.0,Arcade Mayhem Juanito,2017-08-04,10500.0,5.0,5.0,Action,0.0,81.0,Action,6.0,0.0,1.0,,very positive,single and multi,286.0,19.0,0.4,23.0,51.3,305.0,0,2017,0.99923176
617480.0,Tower of Time,2018-04-12,26000.0,5.0,5.0,Indie,0.0,77.0,RPG,9.0,0.0,1.0,very positive,very positive,single only,1649.0,292.0,12.9,665.0,82.8,1941.0,1,2018,0.9633845
617600.0,VR Interior Designer Pro,2017-03-29,0.0,6.0,6.0,Free to Play,0.0,0.0,Free to Play,1.0,0.0,0.0,,mostly positive,single only,8.0,3.0,,,,11.0,0,2017,0.026688635
617610.0,Japanese Women - Animated Jigsaws,2017-04-11,10500.0,6.0,6.0,Casual,0.0,34.0,Casual,5.0,0.0,0.0,,very positive,single only,126.0,9.0,1.7,77.0,33.7,135.0,0,2017,0.37599343
617660.0,Dong-Jin Rice-hime（東津萌米）,2017-04-29,21000.0,5.0,4.0,Adventure,0.0,0.0,Indie,4.0,0.0,1.0,,very positive,single only,425.0,43.0,,,,468.0,0,2017,0.98989886
617670.0,Zup! S,2018-11-15,1100.0,4.0,4.0,Casual,0.0,800.0,Casual,28.0,0.0,0.0,overwhelmingly positive,overwhelmingly positive,single only,10071.0,249.0,38.5,711.0,79.8,10320.0,1,2018,0.9972624
617830.0,SUPERHOT VR,2017-05-25,29000.0,3.0,3.0,Action,0.0,26.0,VR,11.0,0.0,0.0,mostly positive,very positive,single only,5956.0,2105.0,61.9,4734.0,87.4,8061.0,1,2017,0.12138
618070.0,Jet Buster,2017-10-24,10500.0,5.0,5.0,Action,0.0,16.0,Action,1.0,0.0,0.0,,positive,single only,35.0,2.0,0.1,117.0,16.4,37.0,0,2017,0.9759009
618080.0,Martial Arts Brutality,2018-01-31,0.0,5.0,5.0,Free to Play,0.0,48.0,Free to Play,6.0,0.0,0.0,,very positive,single and multi,572.0,99.0,,,66.9,671.0,1,2018,0.62216973
618140.0,Barro,2018-03-29,1100.0,5.0,5.0,Casual,0.0,109.0,Indie,1.0,0.0,1.0,mostly positive,very positive,single only,2792.0,803.0,45.4,2284.0,41.0,3595.0,1,2018,0.96672904
618310.0,AFTERGRINDER,2017-07-19,3300.0,6.0,5.0,Action,0.0,21.0,Precision Platformer,5.0,0.0,0.0,,mixed,single only,64.0,20.0,7.6,149.0,20.7,84.0,0,2017,0.040543497
618370.0,Rescue Quest Gold,2017-06-06,10500.0,6.0,6.0,Casual,0.0,59.0,Casual,11.0,0.0,0.0,,positive,single only,35.0,5.0,,,74.9,40.0,0,2017,0.73514426
618470.0,Qbik,2017-11-18,5500.0,6.0,5.0,Adventure,0.0,24.0,Indie,10.0,0.0,0.0,,very positive,single only,89.0,6.0,4.7,122.0,11.9,95.0,0,2017,0.40088415
618490.0,Mr Blaster,2017-07-15,2200.0,6.0,5.0,Action,0.0,31.0,Action,1.0,0.0,0.0,,mixed,single only,26.0,21.0,6.2,630.0,4.8,47.0,0,2017,0.6637025
618510.0,Battle Bruise,2017-04-22,1100.0,5.0,5.0,Action,0.0,14.0,Indie,1.0,0.0,1.0,,very positive,single only,369.0,36.0,,,13.6,405.0,0,2017,0.98213184
618550.0,Chess of Blades,2018-01-05,26000.0,4.0,4.0,Casual,0.0,22.0,Indie,1.0,0.0,1.0,,very positive,single only,90.0,12.0,,,72.2,102.0,0,2018,0.9692065
618590.0,Zombie Buster VR,2017-04-03,16000.0,6.0,6.0,Action,0.0,0.0,Action,3.0,0.0,0.0,,mostly positive,single only,19.0,5.0,,,,24.0,0,2017,0.97597945
618610.0,Endless Horde,2017-04-11,1100.0,5.0,5.0,,0.0,19.0,Tower Defense,1.0,0.0,0.0,,mixed,single only,102.0,51.0,7.8,1329.0,19.0,153.0,0,2017,0.059918195
618620.0,Naval Armada: Fleet Battle,2019-12-12,0.0,6.0,6.0,Action,0.0,0.0,Free to Play,10.0,0.0,0.0,,mixed,,69.0,55.0,5.1,21.0,,124.0,0,2019,0.35981947
618710.0,Elminage ORIGINAL - Priestess of Darkness and The Ring of the Gods,2017-11-29,10500.0,6.0,2.0,RPG,0.0,0.0,RPG,1.0,0.0,0.0,,positive,single only,49.0,6.0,1.0,14.0,,55.0,0,2017,0.6440359
618720.0,1bitHeart,2017-08-28,3300.0,6.0,2.0,Adventure,0.0,60.0,Indie,2.0,0.0,1.0,,very positive,single only,617.0,52.0,3.5,64.0,80.2,669.0,1,2017,0.039572597
618740.0,Beat Hazard 2,2019-10-16,19500.0,5.0,5.0,Action,0.0,62.0,Music,16.0,0.0,1.0,mostly positive,very positive,single and multi,1709.0,244.0,9.0,417.0,60.1,1953.0,1,2019,0.98210204
618850.0,Pumpkin Days,2021-02-02,26000.0,6.0,6.0,Casual,1.0,51.0,Farming Sim,1.0,0.0,0.0,,very positive,single and multi,414.0,66.0,6.9,465.0,34.5,480.0,0,2021,0.7499668
618920.0,Dungeon Escape VR,2017-04-08,5500.0,6.0,6.0,Indie,0.0,0.0,Indie,1.0,0.0,0.0,,very positive,single only,140.0,24.0,0.3,16.0,,164.0,0,2017,0.9696695
618950.0,Agatha Knife,2017-04-28,13000.0,5.0,5.0,Adventure,0.0,30.0,Indie,7.0,0.0,1.0,very positive,very positive,single only,370.0,21.0,2.6,19.0,79.2,391.0,1,2017,0.9743513
618970.0,Outcast - Second Contact,2017-11-14,15500.0,6.0,2.0,Action,0.0,41.0,Adventure,7.0,0.0,1.0,mostly positive,very positive,single only,553.0,142.0,4.8,238.0,53.8,695.0,1,2017,0.029326051
619150.0,while True: learn(),2019-01-18,13500.0,5.0,5.0,Indie,0.0,31.0,Programming,18.0,0.0,1.0,very positive,very positive,single only,5485.0,477.0,21.9,819.0,92.8,5962.0,1,2019,0.0020341873
619210.0,4D Toys,2017-06-03,16000.0,6.0,6.0,Indie,0.0,0.0,Simulation,1.0,0.0,0.0,,very positive,single only,145.0,23.0,1.3,12.0,,168.0,0,2017,0.99413204
619280.0,Gloom,2017-04-13,10500.0,5.0,5.0,Action,0.0,36.0,Indie,1.0,0.0,1.0,,very positive,single only,447.0,92.0,,,91.3,539.0,1,2017,0.11813468
619290.0,Out of the Park Baseball 19,2018-03-22,20500.0,4.0,4.0,Indie,0.0,78.0,Baseball,1.0,0.0,0.0,,very positive,single only,631.0,108.0,20.3,1508.0,51.4,739.0,1,2018,0.8815532
619310.0,Ways of History,2017-09-01,0.0,6.0,6.0,Free to Play,0.0,0.0,Free to Play,3.0,0.0,0.0,,mixed,multi only,113.0,115.0,9.4,286.0,,228.0,0,2017,0.94184494
619330.0,Duck Hunting,2017-04-05,8500.0,6.0,6.0,Indie,0.0,0.0,Indie,2.0,0.0,0.0,,mixed,single only,10.0,7.0,,,,17.0,0,2017,0.14309245
619340.0,EGOS - Tales of Fallen Souls,2017-07-28,1100.0,6.0,6.0,Adventure,0.0,90.0,Early Access,2.0,0.0,1.0,,mixed,single only,35.0,30.0,49.2,13889.0,4.2,65.0,0,2017,0.07845014
619380.0,The little vampir,2017-06-30,6500.0,6.0,6.0,Casual,0.0,0.0,Casual,2.0,0.0,0.0,,1 user reviews,single only,5.0,1.0,,,,6.0,0,2017,0.78259087
619400.0,Fluffy Creatures VS The World,2017-04-10,1100.0,6.0,6.0,Action,0.0,0.0,Indie,1.0,0.0,0.0,,mixed,single only,105.0,155.0,14.0,1561.0,,260.0,0,2017,0.7741383
619480.0,"Rock, Ken, Bo",2017-05-05,4400.0,6.0,6.0,Action,0.0,0.0,Action,1.0,0.0,0.0,,2 user reviews,single only,2.0,1.0,,,,3.0,0,2017,0.94926214
619490.0,Fear of Clowns,2017-04-29,1100.0,6.0,6.0,Action,0.0,0.0,Indie,2.0,0.0,0.0,,mostly positive,single only,115.0,56.0,,,,171.0,0,2017,0.12919623
619500.0,cyubeVR,2018-01-27,20500.0,6.0,6.0,Adventure,0.0,57.0,VR,1.0,0.0,0.0,very positive,very positive,single only,604.0,58.0,4.7,34.0,86.5,662.0,1,2018,0.9229644
619700.0,Steel Rats™,2018-11-07,12500.0,5.0,5.0,Action,0.0,46.0,Action,13.0,0.0,1.0,,mixed,single only,681.0,446.0,2.7,832.0,37.3,1127.0,0,2018,0.7291608
619740.0,The Inevitability,2017-04-18,5500.0,6.0,6.0,Adventure,0.0,0.0,Adventure,2.0,0.0,0.0,,mixed,single only,49.0,34.0,36.0,1329.0,,83.0,0,2017,0.069903314
619780.0,The Swords of Ditto: Mormo's Curse,2018-04-24,15500.0,1.0,1.0,Action,0.0,20.0,Adventure,10.0,0.0,1.0,,,single and multi,1313.0,798.0,8.2,1852.0,80.4,2111.0,0,2018,0.38110948
619810.0,Fabulous - Angela's High School Reunion,2017-06-22,13500.0,6.0,6.0,Adventure,0.0,17.0,Casual,15.0,0.0,0.0,,very positive,single only,69.0,6.0,,,94.4,75.0,0,2017,0.64398783
619880.0,ATOMEGA,2017-09-19,11000.0,6.0,1.0,Action,0.0,31.0,Action,10.0,0.0,0.0,,mostly positive,,1031.0,299.0,,,60.0,1330.0,1,2017,0.32793888
619930.0,Spring Bonus,2017-04-12,7500.0,5.0,5.0,Casual,0.0,0.0,Casual,1.0,0.0,0.0,,positive,single only,44.0,9.0,0.5,8.0,,53.0,0,2017,0.99701285
620190.0,Gunsmith,2018-05-26,20500.0,5.0,5.0,Action,0.0,16.0,Immersive Sim,7.0,0.0,0.0,,mostly positive,single only,684.0,208.0,23.6,502.0,49.5,892.0,1,2018,0.12475282
620210.0,Fatal Twelve,2018-03-31,20500.0,1.0,1.0,Adventure,0.0,31.0,Visual Novel,4.0,0.0,1.0,,overwhelmingly positive,single only,640.0,30.0,4.5,51.0,89.4,670.0,1,2018,0.8518133
620220.0,Catmaze,2018-05-24,10500.0,5.0,5.0,Action,0.0,21.0,Metroidvania,7.0,0.0,1.0,,very positive,single only,356.0,59.0,1.7,35.0,36.5,415.0,0,2018,0.023244888
620360.0,Toy Clash,2017-08-25,15000.0,6.0,6.0,Casual,0.0,0.0,Casual,7.0,0.0,0.0,,positive,single only,41.0,1.0,,,,42.0,0,2017,0.95582676
620590.0,Ancestors Legacy,2018-05-23,36000.0,4.0,2.0,Strategy,0.0,62.0,Strategy,11.0,0.0,1.0,mostly positive,very positive,single and multi,5307.0,1398.0,67.7,4962.0,75.4,6705.0,1,2018,0.56685287
620630.0,Civil War: 1865,2017-04-08,10500.0,5.0,5.0,Strategy,0.0,18.0,Strategy,1.0,0.0,0.0,,4 user reviews,single only,11.0,6.0,,,47.0,17.0,0,2017,0.8972602
620650.0,Puzzle With Your Friends,2018-04-25,5500.0,5.0,5.0,Casual,0.0,45.0,Casual,8.0,0.0,1.0,,very positive,single and multi,125.0,18.0,1.3,31.0,76.9,143.0,0,2018,0.8268722
620700.0,EVIL POSSESSION,2017-05-17,0.0,6.0,6.0,Action,0.0,19.0,Indie,8.0,0.0,0.0,,mixed,single only,55.0,37.0,0.4,6.0,79.3,92.0,0,2017,0.33357254
620890.0,Wizard Bros,2021-01-26,5500.0,5.0,5.0,Action,1.0,0.0,Action,1.0,0.0,0.0,,positive,,25.0,5.0,,,,30.0,0,2021,0.9907489
620940.0,Invisibox,2017-10-18,1100.0,5.0,5.0,Casual,0.0,5.0,Indie,1.0,0.0,0.0,,very positive,single only,53.0,5.0,12.4,309.0,9.2,58.0,0,2017,0.9257268
620980.0,Beat Saber,2019-05-22,31000.0,6.0,6.0,Indie,0.0,26.0,VR,7.0,1.0,1.0,overwhelmingly positive,overwhelmingly positive,single only,61267.0,2547.0,950.9,42095.0,80.5,63814.0,1,2019,0.7370552
621000.0,异常 | Exception,2019-07-05,4400.0,6.0,6.0,Indie,0.0,20.0,Strategy,3.0,0.0,0.0,,overwhelmingly positive *,single only,1634.0,40.0,,,84.9,1674.0,1,2019,0.9345195
621020.0,Antigraviator,2018-06-06,20500.0,5.0,2.0,Action,0.0,20.0,Racing,13.0,0.0,1.0,,mixed,single only,142.0,69.0,0.2,30.0,78.8,211.0,0,2018,0.1315107
621050.0,Crazy Veggies,2017-04-29,2200.0,6.0,5.0,Action,0.0,17.0,Casual,1.0,0.0,0.0,,mixed,single only,24.0,28.0,20.8,437.0,2.2,52.0,0,2017,0.28861696
621060.0,PC Building Simulator,2019-01-30,20500.0,6.0,3.0,Indie,0.0,94.0,Simulation,10.0,0.0,1.0,very positive,very positive,single only,41525.0,2553.0,781.8,3883.0,67.0,44078.0,1,2019,0.6759613
621070.0,Legends of Ellaria,2021-04-02,26000.0,5.0,5.0,Action,1.0,120.0,RPG,1.0,0.0,0.0,,mixed,single only,476.0,282.0,,,13.0,758.0,0,2021,0.6223343
621080.0,Persian Nights: Sands of Wonders,2017-06-30,10500.0,2.0,2.0,Adventure,0.0,31.0,Adventure,9.0,0.0,0.0,,very positive,single only,208.0,16.0,1.5,36.0,72.1,224.0,0,2017,0.9811462
621220.0,Nantucket,2018-01-19,18500.0,5.0,5.0,Adventure,0.0,28.0,Strategy,1.0,0.0,1.0,,mostly positive,single only,599.0,153.0,3.3,1249.0,32.8,752.0,1,2018,0.99926925
621810.0,Strain Tactics,2017-05-05,15500.0,6.0,6.0,Action,0.0,51.0,Strategy,1.0,0.0,0.0,,very positive,single only,160.0,29.0,1.6,28.0,60.1,189.0,0,2017,0.13726762
621830.0,WRC 7 FIA World Rally Championship,2017-09-15,20500.0,6.0,2.0,Racing,0.0,41.0,Racing,12.0,0.0,1.0,mostly positive,mostly positive,single only,3459.0,1124.0,74.8,1034.0,67.5,4583.0,1,2017,0.9767825
621880.0,Phoenix Dynasty 2,2018-06-09,0.0,5.0,5.0,Action,0.0,10.0,Massively Multiplayer,6.0,0.0,1.0,,mixed,,167.0,234.0,,,8.7,401.0,0,2018,0.02114886
621930.0,Attack of the Earthlings,2018-02-09,20500.0,5.0,6.0,Indie,0.0,37.0,Strategy,9.0,0.0,1.0,,very positive,single only,272.0,46.0,0.9,89.0,88.4,318.0,0,2018,0.9568682
622010.0,The Fall of Lazarus,2017-10-05,12500.0,6.0,6.0,Adventure,0.0,9.0,Adventure,2.0,0.0,1.0,,mixed,single only,52.0,37.0,,,42.0,89.0,0,2017,0.9691582
622040.0,Zooicide,2017-07-01,5500.0,6.0,6.0,Action,0.0,0.0,Casual,1.0,0.0,0.0,,mixed,,264.0,134.0,0.6,59.0,,398.0,0,2017,0.91288185
622220.0,Fate/EXTELLA LINK,2019-03-20,50800.0,6.0,2.0,Action,0.0,44.0,Anime,5.0,0.0,1.0,very positive,very positive,single only,3364.0,247.0,45.6,3078.0,92.8,3611.0,1,2019,0.4376749
622270.0,Show It 2 Me,2017-12-15,0.0,6.0,6.0,Casual,0.0,0.0,Indie,1.0,0.0,0.0,,very positive,single only,118.0,2.0,,,,120.0,0,2017,0.621341
622370.0,Freaky Awesome,2017-10-18,10500.0,5.0,5.0,Action,0.0,42.0,Action Roguelike,12.0,0.0,1.0,,mixed,single and multi,123.0,98.0,,,40.3,221.0,0,2017,0.022324353
622420.0,Stay Alive: Apocalypse,2018-01-16,20500.0,5.0,5.0,Indie,0.0,38.0,Indie,2.0,0.0,0.0,,mixed,single only,86.0,73.0,,,28.5,159.0,0,2018,0.0008521974
622460.0,Steampunk Tower 2,2018-04-19,9000.0,6.0,6.0,Action,0.0,30.0,Steampunk,4.0,0.0,0.0,,mostly positive,single only,239.0,67.0,3.8,362.0,85.5,306.0,0,2018,0.2238948
622470.0,Road Dogs,2017-09-25,0.0,6.0,6.0,Action,0.0,0.0,Free to Play,2.0,0.0,0.0,,mixed,single and multi,68.0,66.0,,,,134.0,0,2017,0.0894531
622650.0,Bendy and the Ink Machine,2017-02-10,20500.0,6.0,6.0,Action,0.0,60.0,Horror,9.0,0.0,0.0,very positive,very positive,single only,16861.0,2293.0,66.4,3440.0,59.0,19154.0,1,2017,0.79624915
622680.0,Mayhem in Single Valley,2021-05-21,15500.0,2.0,2.0,Action,0.0,40.0,Action,10.0,0.0,1.0,,very positive,single only,184.0,13.0,1.8,34.0,81.2,197.0,0,2021,0.9334158
622720.0,Weedcraft Inc,2019-04-11,20500.0,5.0,1.0,Indie,0.0,35.0,Simulation,7.0,0.0,1.0,,very positive,single only,1030.0,229.0,17.4,1579.0,94.5,1259.0,1,2019,0.011074841
622770.0,Hacktag,2018-02-15,20500.0,5.0,5.0,Action,0.0,42.0,Action,9.0,0.0,1.0,,mostly positive,single and multi,259.0,116.0,,,65.8,375.0,0,2018,0.87166184
622870.0,Within the blade,2019-08-18,11500.0,6.0,6.0,Action,0.0,78.0,Action,6.0,0.0,0.0,,very positive,single only,287.0,40.0,0.7,1432.0,33.6,327.0,0,2019,0.6246133
622880.0,Sweven,2017-04-23,2200.0,6.0,6.0,Adventure,0.0,6.0,Violent,1.0,0.0,0.0,,mixed,single only,25.0,12.0,,,40.7,37.0,0,2017,0.89824116
622890.0,NecroWorm,2017-05-19,5500.0,6.0,5.0,Action,0.0,20.0,Logic,13.0,0.0,0.0,,mostly positive,single only,81.0,68.0,46.5,442.0,12.0,149.0,0,2017,0.48383912
622920.0,P-Walker's Simulation,2017-05-25,3300.0,6.0,6.0,Action,0.0,0.0,Early Access,1.0,0.0,0.0,,mixed,single only,31.0,39.0,,,,70.0,0,2017,0.008198023
623080.0,planetarian HD,2017-05-08,10500.0,2.0,2.0,Adventure,0.0,21.0,Visual Novel,1.0,0.0,0.0,very positive,overwhelmingly positive,single only,1887.0,20.0,2.6,118.0,89.2,1907.0,1,2017,0.8198396
623340.0,Stars End,2019-10-15,15500.0,5.0,5.0,Action,1.0,25.0,Early Access,4.0,0.0,0.0,,,single and multi,600.0,310.0,7.0,228.0,0.2,910.0,0,2019,0.6246133
623550.0,Timen runner,2017-05-26,1100.0,5.0,5.0,Casual,0.0,13.0,Indie,1.0,0.0,0.0,,mixed,single only,48.0,44.0,33.0,1496.0,3.5,92.0,0,2017,0.021692395
623580.0,POBEDA,2017-05-09,1100.0,6.0,6.0,Action,0.0,0.0,Indie,1.0,0.0,1.0,,mixed,single only,52.0,54.0,6.7,1563.0,,106.0,0,2017,0.9310419
623670.0,Moe Mekuri SP,2017-04-24,6500.0,5.0,5.0,Indie,0.0,0.0,Indie,2.0,0.0,1.0,,mostly positive,single only,14.0,5.0,,,,19.0,0,2017,0.9911076
623700.0,Rec Center Tycoon - Management Simulator,2019-09-07,12500.0,6.0,6.0,Casual,1.0,31.0,Early Access,1.0,0.0,0.0,,very positive,single only,200.0,34.0,5.8,107.0,15.3,234.0,0,2019,0.97660744
623840.0,Ambre - a heartbreaking kinetic novel,2017-06-10,0.0,5.0,5.0,Casual,0.0,6.0,Free to Play,5.0,0.0,1.0,,mostly positive,single only,453.0,141.0,,,85.3,594.0,1,2017,0.972323
623900.0,Table Football Pro,2017-05-23,2200.0,6.0,6.0,Sports,0.0,31.0,Early Access,3.0,0.0,0.0,,mixed,single and multi,13.0,11.0,0.9,4.0,96.1,24.0,0,2017,0.06269887
623920.0,Chicago 1930 : The Prohibition,2004-02-20,5500.0,2.0,2.0,Strategy,0.0,0.0,Strategy,5.0,0.0,0.0,,mixed,single only,76.0,38.0,,,,114.0,0,2004,0.15149072
624060.0,Shattered Steel,1996-09-30,10500.0,6.0,4.0,Action,0.0,0.0,Action,1.0,0.0,0.0,,5 user reviews,single only,5.0,1.0,,,,6.0,0,1996,0.43731347
624080.0,Cyberia,1994-01-01,10500.0,6.0,4.0,Action,0.0,0.0,Action,3.0,0.0,0.0,,positive,single only,27.0,0.0,,,,27.0,0,1994,0.9617034
624270.0,The Painscreek Killings,2017-09-27,20500.0,4.0,4.0,Adventure,0.0,33.0,Detective,14.0,0.0,0.0,very positive,very positive,single only,2439.0,265.0,15.2,149.0,81.2,2704.0,1,2017,0.9136095
624320.0,Loyalty and Blood: Viktor Origins,2018-03-17,10500.0,6.0,6.0,Action,0.0,25.0,Indie,1.0,0.0,1.0,,very positive,single only,49.0,8.0,,,33.3,57.0,0,2018,0.95152295
624460.0,Fantasynth One,2017-04-20,0.0,6.0,6.0,Indie,0.0,0.0,Audio Production,1.0,0.0,0.0,,very positive,single only,420.0,16.0,0.6,30.0,,436.0,0,2017,0.8410362
624550.0,Spiritual Warfare & Wisdom Tree Collection,2017-04-25,10500.0,4.0,4.0,Action,0.0,0.0,Action,1.0,0.0,0.0,,positive,single only,24.0,28.0,,,,52.0,0,2017,0.03340116
624690.0,NEXT JUMP: Shmup Tactics,2017-04-29,5500.0,5.0,5.0,Indie,0.0,51.0,Shoot 'Em Up,2.0,0.0,0.0,,mostly positive,single only,59.0,16.0,,,15.2,75.0,0,2017,0.07226309
624710.0,Cow Milking Simulator,2017-10-31,3300.0,6.0,6.0,Casual,0.0,19.0,Indie,1.0,0.0,0.0,,positive,single only,33.0,2.0,8.5,98.0,11.5,35.0,0,2017,0.98628926
624920.0,Trapped With the Dolls VR,2017-04-24,0.0,6.0,6.0,Adventure,0.0,0.0,Free to Play,1.0,0.0,0.0,,mostly positive,single only,41.0,11.0,0.0,4.0,,52.0,0,2017,0.3647685
625320.0,No Clue VR,2017-05-18,20500.0,6.0,6.0,Action,0.0,23.0,Indie,5.0,0.0,0.0,,6 user reviews,single only,15.0,7.0,,,37.9,22.0,0,2017,0.033132166
625370.0,A SECOND BEFORE US,2017-05-10,4400.0,5.0,5.0,Adventure,0.0,16.0,Adventure,4.0,0.0,0.0,,mixed,single only,56.0,41.0,,,6.2,97.0,0,2017,0.9907584
625430.0,Doodle God Blitz,2017-09-02,0.0,5.0,5.0,Casual,0.0,24.0,Free to Play,13.0,0.0,1.0,,mixed,single only,464.0,225.0,4.8,256.0,84.7,689.0,0,2017,0.9818918
625470.0,The Red Stare,2017-07-31,0.0,6.0,6.0,Action,0.0,17.0,Free to Play,1.0,0.0,0.0,,very positive,single only,333.0,40.0,3.6,123.0,35.4,373.0,0,2017,0.73046494
625680.0,Way of the Passive Fist,2018-03-06,15500.0,6.0,6.0,Action,0.0,36.0,Action,6.0,0.0,0.0,,very positive,single only,149.0,38.0,,,62.6,187.0,0,2018,0.5407276
625730.0,Cefore,2018-04-06,10500.0,5.0,6.0,Indie,0.0,12.0,Indie,6.0,0.0,1.0,,mixed,single only,42.0,13.0,0.0,12.0,85.3,55.0,0,2018,0.90745175
625740.0,Rifter,2018-07-12,12500.0,6.0,6.0,Action,0.0,14.0,Action,1.0,0.0,0.0,,very positive,single only,104.0,4.0,,,94.4,108.0,0,2018,0.9304739
625770.0,Smashing The Battle VR,2017-06-16,11000.0,6.0,6.0,Action,0.0,20.0,Action,6.0,0.0,0.0,,positive,single only,19.0,2.0,,,5.0,21.0,0,2017,0.12639445
625860.0,God Awe-full Clicker,2018-09-20,0.0,6.0,6.0,Action,0.0,80.0,Free to Play,1.0,0.0,0.0,,mixed,single only,235.0,117.0,14.2,996.0,82.6,352.0,0,2018,0.13598523
625940.0,Tomato Jones 2,2017-05-13,2200.0,6.0,6.0,Action,0.0,0.0,Casual,2.0,0.0,0.0,,mostly positive,single only,39.0,13.0,,,,52.0,0,2017,0.40612692
625980.0,Yomawari: Midnight Shadows,2017-10-25,20000.0,2.0,2.0,Adventure,0.0,33.0,Horror,2.0,0.0,1.0,very positive,very positive,single only,539.0,27.0,8.1,48.0,79.6,566.0,1,2017,0.8280449
626010.0,Office Space: Idle Profits,2017-10-19,0.0,3.0,3.0,Free to Play,0.0,10.0,Free to Play,7.0,0.0,0.0,,mixed,single only,193.0,129.0,6.3,640.0,61.6,322.0,0,2017,0.7470939
626170.0,Apocalypse Night,2017-10-31,1100.0,6.0,6.0,Action,0.0,27.0,Action,3.0,0.0,0.0,,positive,single only,24.0,5.0,,,11.0,29.0,0,2017,0.0015950203
626200.0,Dead Alliance™,2017-08-30,20500.0,6.0,6.0,Action,0.0,44.0,FPS,6.0,0.0,1.0,,mixed,single only,42.0,82.0,0.0,34.0,55.0,124.0,0,2017,0.05602026
626550.0,Prodigy Tactics,2018-09-28,20500.0,6.0,5.0,Action,0.0,0.0,Strategy,2.0,0.0,0.0,,mostly negative,single only,75.0,120.0,,,,195.0,0,2018,0.9981729
626580.0,Spellspire,2017-05-23,10500.0,4.0,4.0,RPG,0.0,22.0,RPG,1.0,0.0,0.0,,mostly positive,single only,67.0,26.0,0.6,17.0,45.4,93.0,0,2017,0.94543433
626610.0,TT Isle of Man Ride on the Edge,2018-03-27,20500.0,6.0,2.0,Racing,0.0,31.0,Simulation,11.0,0.0,1.0,,mostly positive,single only,836.0,340.0,8.3,425.0,80.6,1176.0,1,2018,0.20950818
626640.0,Lost Lands: The Wanderer,2017-05-03,7500.0,4.0,4.0,Adventure,0.0,21.0,Adventure,14.0,0.0,0.0,,very positive,single only,68.0,3.0,2.0,18.0,90.5,71.0,0,2017,0.6602015
626660.0,Flipping Death,2018-08-07,20500.0,5.0,5.0,Adventure,0.0,12.0,Adventure,5.0,0.0,0.0,,very positive,single only,154.0,17.0,,,46.2,171.0,0,2018,0.99709857
626680.0,Kreedz Climbing,2017-06-16,0.0,6.0,6.0,Free to Play,0.0,40.0,Free to Play,4.0,0.0,0.0,,very positive,single and multi,752.0,173.0,2.6,376.0,3.1,925.0,1,2017,0.034582376
626690.0,Sword Art Online: Fatal Bullet,2018-02-24,32800.0,1.0,1.0,Action,0.0,63.0,Anime,11.0,0.0,1.0,mostly positive,very positive,single only,13744.0,3508.0,214.3,21727.0,76.4,17252.0,1,2018,0.014447331
627270.0,Injustice™ 2,2017-12-01,55900.0,1.0,1.0,Action,0.0,74.0,Fighting,9.0,0.0,1.0,very positive,very positive,single only,12536.0,2030.0,297.1,1851.0,87.4,14566.0,1,2017,0.9332384
627410.0,BlackEye,2017-08-09,5500.0,6.0,6.0,Action,0.0,0.0,Action,27.0,0.0,0.0,,positive,single only,25.0,10.0,70.1,961.0,,35.0,0,2017,0.19324636
627690.0,Idle Champions of the Forgotten Realms,2020-03-26,0.0,5.0,5.0,Action,0.0,400.0,Idler,7.0,0.0,1.0,mostly positive,very positive,single only,8405.0,2034.0,4922.4,18578.0,58.4,10439.0,1,2020,0.6246133
628070.0,Romance of the Three Kingdoms XI with Power Up Kit,2018-01-17,41000.0,1.0,1.0,Strategy,0.0,0.0,Strategy,1.0,0.0,0.0,very positive,very positive,single only,2014.0,178.0,434.5,1408.0,,2192.0,1,2018,0.9140475
628080.0,Romance of the Three Kingdoms XII with Power Up Kit,2018-01-17,41000.0,1.0,1.0,Strategy,0.0,0.0,Strategy,1.0,0.0,0.0,,mixed,single only,144.0,58.0,43.4,200.0,,202.0,0,2018,0.9814813
628200.0,The Invisible Hand,2021-05-07,13500.0,6.0,2.0,Adventure,0.0,31.0,Capitalism,2.0,0.0,1.0,,very positive,single only,256.0,55.0,4.1,301.0,87.9,311.0,0,2021,0.18818805
628320.0,Roah,2019-11-29,26000.0,6.0,6.0,Action,0.0,60.0,Action,1.0,0.0,1.0,,mostly positive,single only,49.0,15.0,,,69.7,64.0,0,2019,0.90483785
628350.0,Lazaretto,2017-05-20,7500.0,6.0,6.0,Action,0.0,0.0,Indie,1.0,0.0,0.0,,mostly positive,single only,70.0,20.0,,,,90.0,0,2017,0.7357842
628440.0,Multiplayer FPS Demo,2017-07-07,0.0,6.0,6.0,Action,0.0,0.0,Free to Play,1.0,0.0,0.0,,mixed,single and multi,107.0,92.0,,,,199.0,0,2017,0.062316805
628580.0,Miniballist,2018-03-14,4400.0,5.0,5.0,Casual,0.0,13.0,Indie,1.0,0.0,0.0,,positive,single only,21.0,10.0,,,90.1,31.0,0,2018,0.4725052
628700.0,The Flaws of Gravity,2017-05-06,0.0,6.0,6.0,Adventure,0.0,0.0,Free to Play,1.0,0.0,0.0,,mixed,single only,142.0,92.0,,,,234.0,0,2017,0.014659554
628710.0,Hell Warders,2019-02-21,16000.0,3.0,3.0,Action,0.0,17.0,Action,11.0,0.0,0.0,,mixed,single and multi,80.0,52.0,0.3,35.0,14.0,132.0,0,2019,0.0417386
628730.0,Adolescent Santa Claus,2018-07-20,0.0,3.0,3.0,Adventure,0.0,0.0,Free to Play,3.0,0.0,1.0,very positive,very positive,single only,960.0,181.0,,,,1141.0,1,2018,0.8358953
628750.0,aMAZE 2,2017-04-22,1100.0,3.0,3.0,Casual,0.0,10.0,Casual,1.0,0.0,0.0,very positive,very positive,single only,611.0,97.0,6.7,2526.0,16.2,708.0,1,2017,0.9848652
628760.0,The Adventurer - Episode 1: Beginning of the End,2017-07-31,5500.0,5.0,5.0,Adventure,0.0,0.0,Adventure,1.0,0.0,0.0,mostly positive,mostly positive,single only,137.0,110.0,110.8,2076.0,,247.0,0,2017,0.1258103
628770.0,Tangledeep,2018-02-02,15500.0,6.0,6.0,Indie,0.0,55.0,Traditional Roguelike,5.0,0.0,1.0,,very positive,single only,1063.0,199.0,19.6,469.0,51.1,1262.0,1,2018,0.0005259812
628800.0,Super Hydorah,2017-09-20,20500.0,5.0,5.0,Action,0.0,21.0,Indie,9.0,0.0,0.0,,very positive,single and multi,159.0,14.0,0.2,25.0,45.2,173.0,0,2017,0.9720771
628900.0,Terra Mystica,2017-06-09,16000.0,5.0,5.0,Indie,0.0,5.0,Indie,8.0,0.0,0.0,,mixed,single only,124.0,84.0,6.5,122.0,0.0,208.0,0,2017,0.037413865
628950.0,Nephise Begins,2017-04-25,1100.0,4.0,4.0,Adventure,0.0,5.0,Adventure,3.0,0.0,0.0,,mostly positive,single only,674.0,404.0,,,28.4,1078.0,1,2017,0.17386347
629220.0,Rise of Insanity,2018-03-02,10500.0,5.0,5.0,Adventure,0.0,14.0,Indie,9.0,0.0,1.0,,mostly positive,single only,780.0,204.0,,,54.3,984.0,1,2018,0.0034792125
629240.0,Toilet Run,2018-09-27,3300.0,6.0,6.0,Casual,0.0,8.0,Simulation,1.0,0.0,0.0,,positive,single only,15.0,3.0,,,13.6,18.0,0,2018,0.5321819
629400.0,Mall Mayhem,2017-10-07,1100.0,6.0,6.0,Action,0.0,20.0,Action,1.0,0.0,0.0,,3 user reviews,single only,8.0,6.0,,,91.3,14.0,0,2017,0.6768212
629430.0,The Last Birdling,2017-09-01,6500.0,5.0,5.0,Indie,0.0,28.0,Indie,1.0,0.0,1.0,,positive,single only,55.0,1.0,,,31.2,56.0,0,2017,0.88259065
629440.0,Graze Counter,2017-07-29,10500.0,4.0,4.0,Action,0.0,0.0,Action,6.0,0.0,1.0,,very positive,single only,221.0,8.0,0.3,40.0,,229.0,0,2017,0.99189603
629650.0,Symphonic Rain,2017-06-15,43000.0,6.0,5.0,Adventure,0.0,13.0,Visual Novel,5.0,0.0,0.0,,overwhelmingly positive,single only,555.0,20.0,4.1,67.0,70.2,575.0,1,2017,0.03227082
629690.0,Vaporum,2017-09-29,21000.0,5.0,5.0,Action,0.0,59.0,Dungeon Crawler,10.0,0.0,0.0,,very positive,single only,674.0,101.0,4.0,132.0,71.3,775.0,1,2017,0.0026558042
629730.0,Blade and Sorcery,2018-12-11,20500.0,5.0,5.0,Action,1.0,0.0,VR,1.0,0.0,0.0,overwhelmingly positive,overwhelmingly positive,single only,31873.0,1157.0,955.8,10235.0,,33030.0,1,2018,0.6290444
629770.0,Tiny Echo,2017-08-31,8500.0,3.0,3.0,Adventure,0.0,6.0,Adventure,1.0,0.0,1.0,,very positive,single only,489.0,73.0,0.4,24.0,55.0,562.0,1,2017,0.0010333955
629810.0,Galact Quest,2017-05-11,9500.0,5.0,5.0,Casual,0.0,0.0,Casual,7.0,0.0,0.0,,4 user reviews,single only,8.0,4.0,0.0,3.0,,12.0,0,2017,0.06902936
629840.0,Caligo,2017-09-22,1100.0,6.0,6.0,Adventure,0.0,0.0,Indie,2.0,0.0,0.0,,mostly positive,single only,680.0,235.0,0.3,37.0,,915.0,1,2017,0.12198147
629860.0,Spelunker Party!,2017-10-20,29500.0,6.0,1.0,Action,0.0,35.0,Action,4.0,0.0,0.0,,positive,single and multi,53.0,5.0,0.7,16.0,78.2,58.0,0,2017,0.7960588
629910.0,Clicker Heroes 2,2018-07-17,20500.0,4.0,4.0,Action,0.0,38.0,Clicker,1.0,0.0,1.0,,,single only,1524.0,1056.0,63.0,9570.0,53.7,2580.0,0,2018,0.91892636
629960.0,夏花的轨迹——A summer promise to forever,2017-08-15,2200.0,6.0,6.0,Adventure,0.0,6.0,Sexual Content,3.0,0.0,0.0,,mostly positive,single only,224.0,68.0,9.9,107.0,40.9,292.0,0,2017,0.9787629
630030.0,War Tech Fighters,2018-07-26,20500.0,4.0,4.0,Action,0.0,45.0,Action,4.0,0.0,0.0,,mostly positive,single only,236.0,66.0,,,76.4,302.0,0,2018,0.9966128
630060.0,Consummate:Missing World 寇莎梅特：困世迷情,2017-07-21,1100.0,5.0,5.0,Adventure,0.0,888.0,RPG,3.0,0.0,1.0,very positive,overwhelmingly positive,single only,884.0,40.0,30.4,418.0,20.5,924.0,1,2017,0.532648
630310.0,The Mummy Demastered,2017-10-24,20500.0,2.0,2.0,Action,0.0,37.0,Action,10.0,0.0,0.0,,very positive,single only,378.0,90.0,2.3,45.0,83.2,468.0,0,2017,0.94056463
630390.0,Safari Venture,2017-05-13,4400.0,6.0,6.0,Casual,0.0,0.0,Casual,4.0,0.0,0.0,,1 user reviews,single only,7.0,3.0,,,,10.0,0,2017,0.029602438
630610.0,Disneyland Adventures,2018-09-15,20500.0,1.0,1.0,Adventure,0.0,49.0,Adventure,16.0,0.0,0.0,,very positive,single and multi,397.0,42.0,13.7,103.0,94.6,439.0,0,2018,0.90046656
630640.0,SEQUENCE STORM,2018-12-22,0.0,6.0,6.0,Action,0.0,38.0,Rhythm,1.0,0.0,1.0,,very positive,single only,122.0,3.0,,,33.0,125.0,0,2018,0.98642397
630720.0,Mana Spark,2018-09-27,12500.0,5.0,5.0,Action,0.0,20.0,Action Roguelike,6.0,0.0,0.0,,very positive,single only,441.0,112.0,3.3,153.0,67.1,553.0,1,2018,0.98710203
630830.0,The Legacy: Forgotten Gates,2017-08-04,7500.0,4.0,4.0,Adventure,0.0,21.0,Adventure,14.0,0.0,0.0,,very positive,single only,72.0,4.0,1.9,16.0,92.3,76.0,0,2017,0.9238422
631260.0,PuppetShow™: Souls of the Innocent Collector's Edition,2017-05-18,10500.0,6.0,3.0,Adventure,0.0,0.0,Adventure,1.0,0.0,0.0,,6 user reviews,single only,7.0,0.0,0.1,3.0,,7.0,0,2017,0.56520694
631510.0,Devil May Cry HD Collection,2018-03-13,29000.0,1.0,1.0,Action,0.0,99.0,Action,8.0,0.0,1.0,very positive,very positive,single only,5122.0,502.0,450.4,758.0,48.5,5624.0,1,2018,0.0010130107
631570.0,Whispers of a Machine,2019-04-17,15500.0,4.0,2.0,Adventure,0.0,25.0,Adventure,6.0,0.0,1.0,very positive,very positive,single only,1291.0,87.0,6.9,110.0,45.8,1378.0,1,2019,0.9731759
631660.0,Immersion Chess,2017-05-15,0.0,6.0,6.0,Casual,0.0,29.0,Free to Play,1.0,0.0,1.0,,mixed,single only,78.0,39.0,1.2,23.0,13.8,117.0,0,2017,0.40088415
631770.0,Pixplode,2017-07-04,3300.0,5.0,5.0,Casual,0.0,63.0,Indie,8.0,0.0,0.0,,positive,single only,78.0,27.0,1.0,33.0,38.2,105.0,0,2017,0.95408106
631830.0,Sarcophag,2018-04-06,1100.0,4.0,4.0,Casual,0.0,5000.0,Zombies,29.0,0.0,0.0,,mostly positive,single only,142.0,62.0,1.5,401.0,21.6,204.0,0,2018,0.6888633
631900.0,Airtone,2017-06-08,32000.0,6.0,6.0,Action,0.0,37.0,Action,5.0,0.0,0.0,,very positive,single only,192.0,11.0,0.2,30.0,94.9,203.0,0,2017,0.0011079013
631920.0,Somewhere on Zibylon,2017-09-14,10500.0,5.0,5.0,Action,0.0,26.0,Action,1.0,0.0,0.0,,6 user reviews,single only,20.0,8.0,,,15.8,28.0,0,2017,0.10793951
631980.0,Immortal Planet,2017-07-28,16000.0,6.0,6.0,Action,0.0,9.0,Souls-like,1.0,0.0,0.0,,very positive,single only,224.0,121.0,,,55.0,345.0,0,2017,0.97092545
632000.0,CrossCells,2017-05-26,3300.0,4.0,4.0,Casual,0.0,10.0,Casual,1.0,0.0,0.0,very positive,very positive,single only,535.0,94.0,3.2,106.0,87.3,629.0,1,2017,0.8292984
632070.0,The Fidelio Incident,2017-05-23,10500.0,6.0,6.0,Adventure,0.0,14.0,Walking Simulator,1.0,0.0,1.0,,mostly positive,single only,632.0,179.0,,,80.9,811.0,1,2017,0.9894333
632170.0,Spartan Fist,2018-05-15,15500.0,5.0,5.0,Action,0.0,9.0,Action Roguelike,4.0,0.0,1.0,,mixed,single only,29.0,17.0,,,38.0,46.0,0,2018,0.9555806
632200.0,Kuro survival,2017-06-21,990.0,6.0,6.0,Action,0.0,5.0,Action,1.0,0.0,0.0,,mixed,single only,32.0,16.0,12.6,690.0,1.3,48.0,0,2017,0.0024691522
632300.0,Hobo: Tough Life,2021-04-13,31000.0,6.0,6.0,Adventure,1.0,57.0,Survival,6.0,0.0,1.0,very positive,very positive,single and multi,4869.0,1025.0,161.8,2240.0,64.1,5894.0,1,2021,0.07559624
632350.0,Cyberdimension Neptunia: 4 Goddesses Online,2018-02-28,31000.0,1.0,1.0,RPG,0.0,50.0,Anime,3.0,0.0,1.0,very positive,very positive,single only,3932.0,568.0,11.8,3753.0,89.5,4500.0,1,2018,0.99999714
632360.0,Risk of Rain 2,2020-08-11,26000.0,2.0,2.0,Action,1.0,118.0,Third-Person Shooter,11.0,0.0,1.0,very positive,overwhelmingly positive,single and multi,198996.0,7353.0,9487.6,71033.0,79.9,206349.0,1,2020,0.44693765
632380.0,Bionic Attack,2017-05-20,16000.0,6.0,6.0,Indie,0.0,46.0,Indie,2.0,0.0,0.0,,4 user reviews,single only,3.0,2.0,,,8.6,5.0,0,2017,0.9952078
632470.0,Disco Elysium - The Final Cut,2019-10-16,41000.0,6.0,6.0,RPG,0.0,40.0,RPG,10.0,0.0,1.0,very positive,very positive,single only,55163.0,3241.0,1655.6,8081.0,34.4,58404.0,1,2019,0.7263648
632510.0,Blockle,2017-05-09,5500.0,6.0,6.0,Casual,0.0,0.0,Indie,1.0,0.0,0.0,,mixed,,50.0,21.0,,,,71.0,0,2017,0.9922781
632710.0,Princess Evangile W Happiness - Steam Edition,2017-07-29,38000.0,2.0,2.0,Adventure,0.0,0.0,Sexual Content,2.0,0.0,0.0,,positive,single only,57.0,3.0,0.9,59.0,,60.0,0,2017,0.9931934
632820.0,Ricky Raccoon,2017-05-24,9500.0,5.0,5.0,Casual,0.0,0.0,Casual,3.0,0.0,0.0,,5 user reviews,single only,15.0,2.0,0.1,4.0,,17.0,0,2017,0.37049314
632880.0,The Majesty of Colors Remastered,2018-02-28,2200.0,5.0,5.0,Adventure,0.0,8.0,Casual,1.0,0.0,0.0,,positive,single only,41.0,1.0,,,56.9,42.0,0,2018,0.40871382
633060.0,Orwell: Ignorance is Strength,2018-02-23,10500.0,4.0,2.0,Adventure,0.0,19.0,Simulation,1.0,0.0,1.0,mostly positive,mostly positive,single only,1079.0,312.0,5.6,375.0,59.0,1391.0,1,2018,0.5042481
633110.0,FAST BEAT LOOP RACER GT | 環狀賽車GT,2018-05-18,10500.0,6.0,5.0,Racing,0.0,0.0,Racing,2.0,0.0,0.0,,mixed,single only,360.0,180.0,0.5,119.0,,540.0,0,2018,0.17067176
633230.0,NARUTO TO BORUTO: SHINOBI STRIKER,2018-08-31,54800.0,1.0,1.0,Action,0.0,48.0,Anime,13.0,0.0,1.0,very positive,very positive,single and multi,39939.0,6534.0,1220.9,6303.0,91.0,46473.0,1,2018,0.0011523664
633950.0,Fall of Light: Darkest Edition,2017-09-29,16000.0,5.0,2.0,Action,0.0,23.0,Adventure,9.0,0.0,0.0,,mixed,single only,160.0,125.0,,,53.0,285.0,0,2017,0.4686548
634070.0,Murnatan,2018-03-24,0.0,6.0,6.0,Action,0.0,0.0,Free to Play,1.0,0.0,0.0,,mixed,,68.0,41.0,,,,109.0,0,2018,0.046617597
634090.0,Suncore Chronicles: The Tower,2018-04-10,0.0,6.0,6.0,Action,0.0,40.0,RPG,1.0,0.0,1.0,,mixed,single and multi,16.0,15.0,,,61.0,31.0,0,2018,0.008607268
634120.0,Inmates,2017-10-05,10500.0,2.0,2.0,Adventure,0.0,12.0,Adventure,7.0,0.0,0.0,,mixed,single only,155.0,102.0,,,70.2,257.0,0,2017,0.9133359
634160.0,Cattails | Become a Cat!,2017-12-01,15500.0,5.0,5.0,Casual,0.0,43.0,Cats,1.0,0.0,1.0,very positive,overwhelmingly positive,single only,1892.0,81.0,41.1,433.0,68.4,1973.0,1,2017,0.23736262
634200.0,Tanks vs Aliens,2017-05-25,5500.0,6.0,6.0,Strategy,0.0,36.0,Strategy,5.0,0.0,0.0,,mixed,single only,26.0,6.0,,,9.0,32.0,0,2017,0.6246133
634230.0,Project First Contact,2017-07-26,1100.0,4.0,4.0,Action,0.0,0.0,Indie,8.0,0.0,0.0,,mixed,single only,73.0,82.0,3.8,860.0,,155.0,0,2017,0.049130797
634340.0,Legend of Himari,2018-03-20,1100.0,5.0,5.0,Casual,0.0,30.0,Indie,2.0,0.0,0.0,,very positive,single only,276.0,34.0,31.4,1070.0,6.6,310.0,0,2018,0.99324834
634700.0,PLUTONIUM,2017-05-10,2200.0,6.0,6.0,Action,0.0,14.0,Adventure,2.0,0.0,0.0,,mixed,single only,100.0,109.0,,,73.8,209.0,0,2017,0.011473805
635060.0,Castle of no Escape,2017-06-22,5500.0,6.0,6.0,Action,0.0,25.0,Indie,3.0,0.0,0.0,,mixed,single only,67.0,44.0,56.6,621.0,0.8,111.0,0,2017,0.40088415
635250.0,Evil Genome 光明重影,2017-08-07,15500.0,3.0,3.0,Action,0.0,109.0,RPG,2.0,0.0,1.0,,mixed,single only,350.0,153.0,,,89.5,503.0,0,2017,0.03781593
635260.0,CarX Drift Racing Online,2017-11-18,15500.0,6.0,6.0,Massively Multiplayer,0.0,36.0,Racing,12.0,0.0,1.0,overwhelmingly positive,overwhelmingly positive,single and multi,44325.0,2186.0,2434.1,4798.0,87.3,46511.0,1,2017,0.073798
635310.0,Ski Sniper,2017-05-18,5500.0,6.0,6.0,Action,0.0,13.0,Casual,1.0,0.0,0.0,,very positive,single only,195.0,34.0,,,79.9,229.0,0,2017,0.61245024
635670.0,EMPORIUM,2017-04-21,2200.0,6.0,6.0,Adventure,0.0,5.0,Casual,1.0,0.0,0.0,,mostly positive,single only,92.0,38.0,0.1,9.0,34.8,130.0,0,2017,0.76215404
635790.0,How to Fool a Liar King,2017-10-04,12500.0,5.0,5.0,Adventure,0.0,28.0,Indie,6.0,0.0,1.0,,positive,single only,32.0,4.0,,,42.1,36.0,0,2017,0.7594102
635880.0,Chicken Labyrinth Puzzles,2018-03-26,5500.0,5.0,5.0,Casual,0.0,0.0,Casual,1.0,0.0,0.0,,mostly positive,single only,117.0,57.0,36.0,1967.0,,174.0,0,2018,0.7550843
635900.0,Tunnels of Despair,2018-03-16,6500.0,5.0,5.0,Action,0.0,11.0,Adventure,4.0,0.0,0.0,,mixed,single only,44.0,20.0,0.0,16.0,37.2,64.0,0,2018,0.055003732
635940.0,Little Busters! English Edition,2017-11-01,36000.0,2.0,2.0,Adventure,0.0,27.0,Visual Novel,2.0,0.0,1.0,very positive,overwhelmingly positive,single only,640.0,9.0,14.0,172.0,72.6,649.0,1,2017,0.8921397
636010.0,Chateau Garden,2017-07-08,9500.0,5.0,5.0,Casual,0.0,0.0,Casual,3.0,0.0,0.0,,7 user reviews,single only,7.0,7.0,,,,14.0,0,2017,0.21668234
636030.0,Ricky Raccoon 2 - Adventures in Egypt,2017-06-03,9500.0,5.0,5.0,Casual,0.0,0.0,Casual,3.0,0.0,0.0,,9 user reviews,single only,14.0,5.0,,,,19.0,0,2017,0.13723001
636040.0,Pixel Worlds: MMO Sandbox,2017-01-21,0.0,6.0,6.0,Adventure,0.0,0.0,Free to Play,4.0,0.0,0.0,mostly positive,mostly positive,multi only,3735.0,1257.0,306.9,1387.0,,4992.0,1,2017,0.6246133
636070.0,Corridor Z,2018-01-05,8500.0,5.0,5.0,Action,0.0,13.0,Action,1.0,0.0,0.0,,very positive,single only,160.0,54.0,3.8,44.0,50.6,214.0,0,2018,0.8021574
636100.0,Tesla vs Lovecraft,2018-01-26,16000.0,4.0,4.0,Action,0.0,20.0,Top-Down Shooter,9.0,0.0,1.0,very positive,very positive,single and multi,943.0,102.0,4.7,234.0,84.2,1045.0,1,2018,0.9945117
636150.0,Cyberhunt,2017-05-19,1100.0,5.0,5.0,Action,0.0,500.0,Indie,9.0,0.0,1.0,very positive,very positive,single only,989.0,197.0,130.8,5389.0,11.1,1186.0,1,2017,0.27916548
636170.0,Reaching for Petals,2017-09-04,5500.0,5.0,5.0,Adventure,0.0,6.0,Adventure,1.0,0.0,1.0,,mostly positive,single only,95.0,39.0,,,28.0,134.0,0,2017,0.9097415
636400.0,CUBOTS The Origins,2017-08-05,3300.0,5.0,5.0,Adventure,0.0,18.0,Indie,1.0,0.0,0.0,,mostly positive,single only,34.0,14.0,,,7.3,48.0,0,2017,0.42012757
636450.0,Rez Infinite,2017-08-09,27000.0,6.0,6.0,Action,0.0,20.0,Action,8.0,0.0,1.0,very positive,very positive,single only,859.0,71.0,2.4,201.0,74.8,930.0,1,2017,0.011477321
636480.0,Ravenfield,2017-05-19,16000.0,3.0,3.0,Action,0.0,0.0,FPS,1.0,0.0,0.0,overwhelmingly positive,overwhelmingly positive,single only,49412.0,1500.0,1201.8,3927.0,,50912.0,1,2017,0.04442647
636490.0,Ka Mate,2018-01-09,5500.0,6.0,6.0,Action,1.0,0.0,Indie,2.0,0.0,0.0,,mostly negative,single only,13.0,21.0,,,,34.0,0,2018,0.07603723
636520.0,Gevaudan,2017-06-08,3300.0,2.0,2.0,Adventure,0.0,0.0,Indie,2.0,0.0,0.0,,mixed,single only,80.0,50.0,,,,130.0,0,2017,0.9331642
636560.0,Runewards: Strategy Card Game,2018-02-14,0.0,6.0,6.0,Free to Play,0.0,0.0,Free to Play,3.0,0.0,0.0,,mixed,single only,31.0,27.0,,,,58.0,0,2018,0.1300579
636590.0,VR SUSHI BAR,2017-05-30,10500.0,6.0,6.0,Casual,0.0,0.0,Casual,2.0,0.0,0.0,,9 user reviews,single only,6.0,5.0,,,,11.0,0,2017,0.23362109
636950.0,MarksmanVR,2017-05-17,4400.0,6.0,6.0,Action,0.0,0.0,Indie,1.0,0.0,0.0,,positive,single only,16.0,3.0,,,,19.0,0,2017,0.9924632
637050.0,Spire of Sorcery,2021-10-22,25000.0,4.0,4.0,Indie,1.0,16.0,Exploration,7.0,0.0,1.0,,mixed,single only,63.0,44.0,,,83.6,107.0,0,2021,0.91565734
637060.0,Tiny Tales: Heart of the Forest,2017-07-21,10500.0,2.0,2.0,Adventure,0.0,20.0,Adventure,9.0,0.0,0.0,,mostly positive,single only,140.0,41.0,,,69.8,181.0,0,2017,0.72164315
637090.0,BATTLETECH,2018-04-25,41000.0,3.0,1.0,Action,0.0,128.0,Mechs,4.0,0.0,1.0,very positive,very positive,single only,21614.0,4550.0,1860.2,35586.0,90.3,26164.0,1,2018,0.020377874
637100.0,Sonic Forces,2017-11-08,49800.0,6.0,1.0,Action,0.0,48.0,Great Soundtrack,11.0,0.0,1.0,,,single only,3750.0,2293.0,42.9,2020.0,90.5,6043.0,0,2017,0.79011554
637120.0,Space God,2018-04-19,5500.0,6.0,6.0,Action,0.0,20.0,Shoot 'Em Up,8.0,0.0,0.0,,positive,single and multi,16.0,2.0,0.0,6.0,75.7,18.0,0,2018,0.9832816
637670.0,Secret of Mana,2018-02-16,44700.0,1.0,1.0,Action,0.0,37.0,JRPG,9.0,0.0,0.0,very positive,,single and multi,1549.0,677.0,14.5,3234.0,86.6,2226.0,0,2018,0.7028387
637850.0,Confess My Love,2017-05-20,0.0,6.0,6.0,Adventure,0.0,21.0,Free to Play,7.0,0.0,0.0,very positive,very positive,single only,4017.0,279.0,,,47.3,4296.0,1,2017,0.063227534
637880.0,I wanna be The Cat,2017-12-15,7500.0,6.0,6.0,Action,0.0,31.0,Cats,1.0,0.0,0.0,,very positive,single only,150.0,10.0,0.4,72.0,79.6,160.0,0,2017,0.13430378
637960.0,ProjectM : Dream,2017-09-05,0.0,6.0,6.0,Simulation,0.0,0.0,Simulation,1.0,0.0,0.0,,very positive,single only,61.0,10.0,0.1,15.0,,71.0,0,2017,0.93231666
638000.0,When Ski Lifts Go Wrong,2019-01-23,15500.0,6.0,2.0,Casual,0.0,40.0,Simulation,10.0,0.0,1.0,,very positive,single only,613.0,86.0,,,76.7,699.0,1,2019,0.025163174
638070.0,Murderous Pursuits,2018-04-27,10500.0,5.0,5.0,Action,0.0,145.0,Action,10.0,0.0,1.0,,mixed,single only,1742.0,1007.0,44.2,144294.0,18.2,2749.0,0,2018,0.9999945
638110.0,Desert Bus VR,2017-11-28,0.0,6.0,6.0,Casual,0.0,15.0,Psychological Horror,1.0,0.0,0.0,very positive,very positive,single only,1327.0,181.0,3.0,141.0,69.0,1508.0,1,2017,0.058405906
638160.0,Moero Chronicle,2017-08-17,10500.0,1.0,1.0,Adventure,0.0,42.0,RPG,3.0,0.0,1.0,,mostly positive,single only,395.0,172.0,4.6,335.0,77.1,567.0,1,2017,0.999896
638200.0,Capitalism 2,2001-12-17,10500.0,6.0,6.0,Indie,0.0,0.0,Simulation,1.0,0.0,0.0,very positive,very positive,single only,311.0,62.0,9.5,140.0,,373.0,0,2001,0.8908675
638230.0,Journey,2020-06-12,15500.0,2.0,2.0,Adventure,0.0,14.0,Adventure,18.0,0.0,0.0,very positive,very positive,single and multi,20452.0,1120.0,76.9,1073.0,49.2,21572.0,1,2020,0.95089513
638470.0,Eggggg - The platform puker,2019-02-04,10500.0,6.0,6.0,Action,0.0,23.0,Indie,14.0,0.0,0.0,,8 user reviews,single only,7.0,2.0,,,98.1,9.0,0,2019,0.97058904
638650.0,Sword Art Online Re: Hollow Fragment,2018-08-21,20500.0,1.0,1.0,RPG,0.0,54.0,RPG,3.0,0.0,0.0,very positive,very positive,single and multi,1348.0,329.0,31.5,411.0,90.9,1677.0,1,2018,0.75602937
638850.0,Animallica,2022-03-06,21000.0,6.0,6.0,Action,1.0,18.0,Adventure,1.0,0.0,1.0,,mostly positive,single only,578.0,204.0,4.8,122.0,38.9,782.0,1,2022,0.022486776
638920.0,BeanVR—The Social VR APP,2017-06-01,0.0,6.0,6.0,Casual,0.0,0.0,Free to Play,2.0,0.0,0.0,,mixed,single and multi,20.0,26.0,,,,46.0,0,2017,0.6246133
638930.0,Dal Segno,2017-07-01,43000.0,2.0,2.0,Adventure,0.0,0.0,Adventure,3.0,0.0,0.0,,very positive,single only,113.0,11.0,1.7,33.0,,124.0,0,2017,0.97129977
638970.0,Yakuza 0,2018-08-01,22800.0,1.0,1.0,Action,0.0,55.0,Story Rich,2.0,0.0,0.0,overwhelmingly positive,overwhelmingly positive,single only,48764.0,2532.0,1586.9,8907.0,93.0,51296.0,1,2018,0.81993425
639130.0,Ultrawings,2017-07-21,15500.0,5.0,5.0,Adventure,0.0,10.0,Simulation,8.0,0.0,0.0,,very positive,single only,344.0,44.0,0.5,67.0,66.1,388.0,0,2017,0.051527172
639230.0,Rival Books of Aster,2017-06-21,0.0,6.0,6.0,Casual,0.0,0.0,Early Access,1.0,0.0,1.0,,mixed,,35.0,16.0,,,,51.0,0,2017,0.9982513
639460.0,Zombie Riot,2017-05-26,21000.0,6.0,6.0,Action,0.0,0.0,Action,1.0,0.0,0.0,,mostly positive,single only,58.0,19.0,,,,77.0,0,2017,0.5357362
639470.0,Original Journey,2017-08-16,12500.0,6.0,5.0,Action,0.0,28.0,Action Roguelike,5.0,0.0,0.0,,mixed,single only,134.0,48.0,,,72.8,182.0,0,2017,0.8609723
639490.0,Umineko When They Cry - Answer Arcs,2017-11-18,31000.0,3.0,2.0,Adventure,0.0,23.0,Great Soundtrack,2.0,0.0,0.0,very positive,overwhelmingly positive,single only,640.0,26.0,26.7,80.0,67.1,666.0,1,2017,0.68504053
639560.0,Spacescape,2018-03-28,8500.0,6.0,6.0,Indie,0.0,0.0,Indie,1.0,0.0,0.0,,very positive,single only,50.0,12.0,,,,62.0,0,2018,0.15606743
639650.0,1982,2017-06-29,0.0,5.0,6.0,Action,0.0,20.0,Free to Play,1.0,0.0,0.0,,very positive,single only,685.0,46.0,1.1,79.0,30.7,731.0,1,2017,0.40088415
639720.0,A Bloody Night,2017-06-23,3300.0,5.0,5.0,Action,0.0,27.0,Action,1.0,0.0,0.0,,mostly positive,single only,74.0,17.0,7.2,68.0,30.8,91.0,0,2017,0.99467266
639840.0,FIELD BREAKING,2017-06-04,4400.0,5.0,5.0,Casual,0.0,6.0,Casual,2.0,0.0,0.0,,mixed,single only,20.0,16.0,,,76.2,36.0,0,2017,0.97719073
640120.0,Youropa,2018-06-27,15500.0,6.0,6.0,Action,0.0,14.0,Puzzle Platformer,15.0,0.0,0.0,,very positive,single only,444.0,71.0,1.4,68.0,92.5,515.0,1,2018,0.9855437
640150.0,Tale of Toast,2018-02-23,0.0,6.0,6.0,Adventure,0.0,14.0,Free to Play,1.0,0.0,0.0,,mixed,,387.0,358.0,,,22.4,745.0,0,2018,0.7724471
640290.0,Super Multitasking,2018-02-23,5500.0,5.0,5.0,Action,0.0,33.0,Action,1.0,0.0,0.0,,8 user reviews,single only,18.0,1.0,,,89.9,19.0,0,2018,0.96950877
640300.0,Run Of Mydan,2017-07-28,0.0,5.0,5.0,Action,0.0,7.0,Adventure,1.0,0.0,0.0,,mostly positive,single and multi,57.0,19.0,0.1,11.0,9.9,76.0,0,2017,0.64656126
640340.0,Serious Sam: Tormental,2022-04-08,12500.0,6.0,1.0,Action,1.0,49.0,Action,1.0,0.0,0.0,,very positive,single and multi,134.0,28.0,2.2,37.0,80.1,162.0,0,2022,0.56968415
640380.0,UBERMOSH Vol.5,2017-05-26,5500.0,4.0,4.0,Action,0.0,22.0,Indie,1.0,0.0,0.0,,very positive,single only,275.0,16.0,,,41.3,291.0,1,2017,0.64474887
640590.0,The LEGO® NINJAGO® Movie Video Game,2017-09-23,22500.0,6.0,1.0,Action,0.0,50.0,Action,13.0,0.0,0.0,very positive,very positive,single and multi,4473.0,760.0,76.6,5388.0,72.4,5233.0,1,2017,0.50202405
640800.0,Skyfront VR,2019-03-08,10500.0,6.0,6.0,Action,0.0,0.0,Action,1.0,0.0,0.0,,mostly positive,,108.0,39.0,5.0,347.0,,147.0,0,2019,0.65559566
640890.0,Will Glow the Wisp,2017-09-16,3300.0,5.0,5.0,Action,0.0,20.0,Bullet Hell,3.0,0.0,0.0,,positive,single only,784.0,126.0,1.6,311.0,78.2,910.0,1,2017,0.83185506
640970.0,In Game Adventure: Legend of Monsters,2017-06-29,0.0,5.0,5.0,Action,0.0,30.0,Roguelite,3.0,0.0,1.0,,mostly positive,single only,94.0,30.0,,,55.7,124.0,0,2017,0.1954
640990.0,Fashioning Little Miss Lonesome,2017-09-09,27000.0,2.0,2.0,Adventure,0.0,29.0,Otome,2.0,0.0,1.0,,very positive,single only,248.0,45.0,,,92.9,293.0,0,2017,0.3441279
641080.0,Trials® Rising,2019-02-27,22000.0,6.0,1.0,Racing,0.0,0.0,Racing,12.0,0.0,1.0,very positive,,single only,1427.0,770.0,33.6,1750.0,,2197.0,0,2019,0.6246133
641320.0,Cooking Simulator,2019-06-07,20500.0,4.0,4.0,Simulation,0.0,266.0,Simulation,12.0,0.0,1.0,very positive,very positive,single only,11602.0,2242.0,257.5,3484.0,76.8,13844.0,1,2019,0.6092799
641780.0,The Drone Racing League Simulator,2017-06-16,10500.0,6.0,6.0,Action,0.0,19.0,Action,2.0,0.0,0.0,mostly positive,very positive,single only,2464.0,465.0,94.5,389.0,14.1,2929.0,1,2017,0.9571639
641960.0,BOXVR,2019-05-21,31000.0,6.0,6.0,Action,0.0,22.0,Sports,12.0,0.0,1.0,,mostly positive,single only,1241.0,323.0,4.8,572.0,69.1,1564.0,1,2019,0.02404058
641990.0,The Escapists 2,2017-08-22,21000.0,1.0,1.0,Indie,0.0,58.0,Multiplayer,7.0,0.0,1.0,very positive,very positive,single and multi,21327.0,2316.0,441.9,11156.0,86.5,23643.0,1,2017,0.8305385
642000.0,Regenesis Arcade Lite,2017-11-20,0.0,6.0,6.0,Action,0.0,10.0,Action,10.0,0.0,0.0,,mixed,single only,29.0,14.0,,,49.8,43.0,0,2017,0.18980092
642070.0,VR Theme Park Rides,2017-06-08,3300.0,5.0,5.0,Casual,0.0,0.0,Casual,17.0,0.0,0.0,,mixed,single only,12.0,17.0,,,,29.0,0,2017,0.28900278
642170.0,Legendary Hunter VR,2017-08-24,10500.0,5.0,5.0,Action,0.0,9.0,Hunting,1.0,0.0,0.0,,mostly positive,single only,39.0,13.0,,,77.2,52.0,0,2017,0.7444713
642520.0,Trio,2017-06-09,1100.0,6.0,6.0,Casual,0.0,673.0,Casual,27.0,0.0,0.0,,mixed,single only,56.0,42.0,,,86.7,98.0,0,2017,0.85436803
642560.0,Art Of Gravity,2017-06-14,1100.0,5.0,5.0,Casual,0.0,9.0,Indie,27.0,0.0,0.0,,very positive,single only,540.0,49.0,,,29.0,589.0,1,2017,0.9367715
642580.0,Cally's Caves 4,2018-01-10,10500.0,5.0,5.0,Action,0.0,72.0,Action,1.0,0.0,1.0,,very positive,single only,102.0,23.0,,,47.5,125.0,0,2018,0.9768702
642610.0,Shape of the World,2018-06-06,13500.0,4.0,6.0,Casual,0.0,26.0,Casual,10.0,0.0,1.0,,very positive,single only,244.0,44.0,,,62.8,288.0,0,2018,0.84567815
642650.0,Pepper's Puzzles,2017-08-08,7500.0,6.0,6.0,Casual,0.0,30.0,Casual,5.0,0.0,0.0,,very positive,single only,104.0,5.0,2.4,17.0,94.7,109.0,0,2017,0.92154306
642840.0,Red Bull Doodle Art - Global VR Gallery,2017-07-01,0.0,6.0,6.0,Adventure,0.0,0.0,Adventure,1.0,0.0,0.0,,9 user reviews,single only,9.0,0.0,,,,9.0,0,2017,0.93579763
643200.0,Keep in Mind: Remastered,2018-03-09,2200.0,6.0,4.0,Adventure,0.0,0.0,Horror,9.0,0.0,1.0,,mostly positive,single only,259.0,79.0,2.6,78.0,,338.0,0,2018,0.92008686
643270.0,OLDTV,2017-07-14,0.0,6.0,6.0,Free to Play,0.0,48.0,Free to Play,14.0,0.0,1.0,very positive,very positive,single only,5012.0,268.0,2.4,353.0,87.5,5280.0,1,2017,0.96052444
643590.0,Everyday Golf VR,2017-07-13,32000.0,6.0,6.0,Sports,0.0,24.0,Sports,6.0,0.0,1.0,,mixed,single and multi,34.0,46.0,0.4,24.0,91.4,80.0,0,2017,0.077246994
643610.0,Mortal Blitz,2017-07-20,21000.0,6.0,6.0,Action,0.0,36.0,Action,5.0,0.0,0.0,,mostly positive,single only,50.0,21.0,,,23.9,71.0,0,2017,0.9293604
643700.0,Fix Me Up Doc! – Dark Humor,2017-06-23,1100.0,4.0,4.0,Action,0.0,40.0,Sports,8.0,0.0,0.0,,very positive,single only,175.0,32.0,0.0,9.0,84.7,207.0,0,2017,0.8724534
643810.0,Fugl,2017-09-15,10500.0,6.0,6.0,Adventure,0.0,0.0,Flight,17.0,0.0,0.0,,very positive,single only,403.0,82.0,0.9,15.0,,485.0,0,2017,0.085526675
643820.0,ShadowSide,2018-08-18,10500.0,5.0,5.0,Adventure,0.0,34.0,Adventure,3.0,0.0,1.0,,mixed,single only,216.0,120.0,0.6,58.0,66.0,336.0,0,2018,0.28013805
643870.0,Kitten Adventures in City Park,2017-09-09,0.0,5.0,5.0,Adventure,0.0,0.0,Cute,6.0,0.0,1.0,,very positive,single only,458.0,33.0,,,,491.0,0,2017,0.986966
643880.0,Strikey Sisters,2017-06-01,9900.0,4.0,4.0,Action,0.0,10.0,Action-Adventure,10.0,0.0,0.0,,very positive,single and multi,621.0,69.0,1.0,41.0,41.4,690.0,1,2017,0.7693882
643900.0,Alvora Tactics,2017-06-01,10500.0,5.0,5.0,Indie,0.0,15.0,Indie,1.0,0.0,0.0,,very positive,single only,100.0,8.0,0.8,15.0,60.0,108.0,0,2017,0.9043267
643960.0,Cursed Treasure 2,2017-07-25,5500.0,5.0,3.0,Indie,0.0,53.0,Strategy,1.0,0.0,0.0,,very positive,single only,321.0,55.0,11.8,119.0,91.7,376.0,0,2017,0.97417724
643980.0,Ironbound,2018-01-04,0.0,6.0,6.0,Free to Play,0.0,26.0,Free to Play,1.0,0.0,0.0,,mixed,single only,170.0,82.0,0.9,56.0,14.7,252.0,0,2018,0.4299721
644080.0,Alphabear: Hardcover Edition,2017-08-23,10500.0,6.0,6.0,Casual,0.0,10.0,Indie,1.0,0.0,0.0,,very positive,single only,82.0,17.0,0.6,119.0,76.3,99.0,0,2017,0.9099761
644110.0,Lone Pirate VR,2017-05-27,1100.0,6.0,6.0,Action,0.0,7.0,Action,1.0,0.0,0.0,,mixed,single only,11.0,10.0,,,29.2,21.0,0,2017,0.12061381
644200.0,Starlight of Aeons,2017-12-09,5500.0,6.0,5.0,Adventure,0.0,8.0,Female Protagonist,3.0,0.0,1.0,,very positive,single only,255.0,51.0,,,55.8,306.0,0,2017,0.7952708
644290.0,MEMORIES OF MARS,2020-03-12,20500.0,6.0,2.0,Action,0.0,46.0,Open World Survival Craft,7.0,0.0,0.0,,mixed,multi only,981.0,610.0,8.1,583.0,66.7,1591.0,0,2020,0.03183201
644390.0,D&D Lords of Waterdeep,2017-09-02,10500.0,5.0,5.0,Strategy,0.0,76.0,Strategy,1.0,0.0,1.0,very positive,very positive,single only,1163.0,80.0,57.6,373.0,62.9,1243.0,1,2017,0.961322
644530.0,The Maid_san's Caving Adventure - メイドさん洞窟探検 -,2017-06-22,5500.0,5.0,5.0,Action,0.0,0.0,Action,2.0,0.0,1.0,,mixed,single only,7.0,8.0,,,,15.0,0,2017,0.2993248
644670.0,DEUS VULT | Online VR sword fighting,2017-05-27,5500.0,5.0,5.0,Action,0.0,0.0,Early Access,1.0,0.0,0.0,,mixed,,94.0,54.0,,,,148.0,0,2017,0.9940319
644680.0,"Libra of the Vampire Princess: Lycoris & Aoi in ""The Promise"" PLUS Iris in ""Homeworld""",2017-07-08,17000.0,6.0,6.0,Adventure,0.0,8.0,Adventure,2.0,0.0,0.0,,4 user reviews,single only,6.0,3.0,,,88.0,9.0,0,2017,0.30271885
644710.0,Gary Grigsby's War in the West,2014-12-04,86000.0,2.0,2.0,Simulation,0.0,0.0,Simulation,1.0,0.0,1.0,,very positive,single only,115.0,16.0,7.4,48.0,,131.0,0,2014,0.7204093
644930.0,They Are Billions,2019-06-19,31000.0,4.0,4.0,Strategy,0.0,34.0,Base Building,12.0,0.0,1.0,mostly positive,very positive,single only,33449.0,5888.0,2955.4,22295.0,61.1,39337.0,1,2019,0.9952246
645090.0,Zup! 5,2017-06-13,1100.0,4.0,4.0,Casual,0.0,2130.0,Casual,27.0,0.0,1.0,very positive,very positive,single only,2370.0,159.0,7.9,213.0,63.5,2529.0,1,2017,0.9257003
645230.0,RUCKBALL,2019-05-18,0.0,6.0,6.0,Action,1.0,0.0,Sports,2.0,0.0,0.0,,mixed,,66.0,31.0,,,,97.0,0,2019,0.28890654
645240.0,Costumenaut,2017-09-22,5500.0,6.0,4.0,Action,0.0,0.0,Action,1.0,0.0,0.0,,5 user reviews,single only,6.0,0.0,,,,6.0,0,2017,0.8767765
645260.0,Trophy Fishing 2,2017-07-13,0.0,6.0,6.0,Free to Play,0.0,225.0,Free to Play,10.0,0.0,0.0,,mostly positive,,610.0,241.0,120.0,490.0,36.0,851.0,1,2017,0.6246133
645290.0,Mechanism,2018-07-19,13500.0,5.0,5.0,Adventure,0.0,18.0,Adventure,6.0,0.0,1.0,,mixed,single only,92.0,38.0,,,63.2,130.0,0,2018,0.20266235
645340.0,Relax Walk VR,2017-06-02,1100.0,6.0,6.0,Simulation,0.0,6.0,Simulation,1.0,0.0,0.0,,mixed,single only,28.0,26.0,,,58.4,54.0,0,2017,0.61889654
645380.0,Heroes of Umbra,2018-06-01,10500.0,6.0,6.0,Action,0.0,37.0,Indie,6.0,0.0,0.0,,positive,single and multi,33.0,5.0,,,71.2,38.0,0,2018,0.11315349
645410.0,Ominous Tales: The Forsaken Isle,2017-03-27,7500.0,2.0,6.0,Adventure,0.0,0.0,Adventure,2.0,0.0,0.0,,mixed,single only,18.0,12.0,,,,30.0,0,2017,0.850098
645420.0,Entwined: Strings of Deception,2011-10-10,6500.0,2.0,6.0,Adventure,0.0,0.0,Adventure,1.0,0.0,0.0,,positive,single only,29.0,5.0,0.3,7.0,,34.0,0,2011,0.12874857
645440.0,Tearstone,2011-05-30,6500.0,6.0,6.0,Adventure,0.0,0.0,Adventure,1.0,0.0,0.0,,7 user reviews,single only,3.0,15.0,,,,18.0,0,2011,0.034200072
645450.0,Gravity Quest,2017-06-23,3300.0,6.0,6.0,Adventure,0.0,5.0,Adventure,1.0,0.0,0.0,,mixed,single only,58.0,24.0,,,78.4,82.0,0,2017,0.93269783
645460.0,Mind Maze,2017-06-16,5500.0,5.0,5.0,Action,0.0,19.0,Casual,15.0,0.0,1.0,,mostly positive,single only,57.0,18.0,,,74.9,75.0,0,2017,0.033376515
645480.0,Spider-Man: Homecoming - Virtual Reality Experience,2017-07-01,0.0,6.0,6.0,Action,0.0,0.0,Action,8.0,0.0,0.0,,mixed,single only,266.0,255.0,3.5,297.0,,521.0,0,2017,0.64126366
645630.0,Car Mechanic Simulator 2018,2017-07-28,21000.0,5.0,2.0,Racing,0.0,60.0,Simulation,17.0,0.0,1.0,very positive,very positive,single only,39341.0,4082.0,550.8,8382.0,68.0,43423.0,1,2017,0.000659883
645650.0,Chickens Madness,2018-02-14,10500.0,5.0,5.0,Action,0.0,18.0,Local Multiplayer,1.0,0.0,0.0,,mixed,multi only,11.0,11.0,,,5.9,22.0,0,2018,0.6246133
645690.0,Fantasia of the Wind - 风之幻想曲,2017-10-26,4400.0,5.0,5.0,Adventure,0.0,66.0,Adventure,1.0,0.0,1.0,,very positive,single only,339.0,47.0,,,60.5,386.0,0,2017,0.68012667
645700.0,第502統合戦闘航空団 ブレイブウィッチーズ VR-Operation Baba_yaga-雪中迎撃戦,2017-06-09,19000.0,6.0,6.0,Utilities,0.0,0.0,Nudity,1.0,0.0,0.0,,mixed,,8.0,10.0,,,,18.0,0,2017,0.021100968
645730.0,RESONANCE OF FATE™/END OF ETERNITY™ 4K/HD EDITION,2018-10-17,36000.0,6.0,6.0,RPG,0.0,47.0,RPG,6.0,0.0,1.0,,very positive,single only,563.0,132.0,11.8,822.0,78.1,695.0,1,2018,0.01862821
645750.0,Rule with an Iron Fish - A Pirate Fishing Adventure,2017-08-25,10500.0,6.0,6.0,Adventure,0.0,12.0,Casual,2.0,0.0,0.0,,positive,single only,30.0,2.0,,,89.6,32.0,0,2017,0.99993783
645780.0,Robot Pirates,2017-06-09,2200.0,6.0,6.0,Casual,0.0,30.0,Indie,11.0,0.0,0.0,,1 user reviews,single only,7.0,6.0,,,48.8,13.0,0,2017,0.7973136
645790.0,Home Wars,2017-06-14,10500.0,5.0,5.0,Action,0.0,0.0,Strategy,1.0,0.0,0.0,,mostly positive,single only,555.0,184.0,8.2,226.0,,739.0,1,2017,0.7944692
646010.0,Golem,2018-05-30,16000.0,5.0,5.0,Adventure,0.0,13.0,Adventure,10.0,0.0,0.0,,mixed,single only,20.0,11.0,,,75.0,31.0,0,2018,0.92198336
646050.0,Past Cure,2018-02-23,39800.0,6.0,6.0,Action,0.0,13.0,Action,12.0,0.0,1.0,,mostly negative,single only,18.0,39.0,0.0,23.0,55.4,57.0,0,2018,0.06766772
646200.0,Dead Effect 2 VR,2017-10-04,26000.0,6.0,6.0,Action,0.0,206.0,Action,4.0,0.0,1.0,,very positive,single only,922.0,210.0,2.3,228.0,71.9,1132.0,1,2017,0.6416826
646240.0,Bacon May Die,2021-04-15,0.0,4.0,4.0,Action,0.0,21.0,Free to Play,1.0,0.0,0.0,very positive,very positive,single and multi,592.0,34.0,3.1,111.0,46.6,626.0,1,2021,0.9262815
646270.0,60 Parsecs!,2018-09-19,10500.0,4.0,4.0,Adventure,0.0,40.0,Point & Click,8.0,0.0,0.0,very positive,very positive,single only,2086.0,332.0,29.9,719.0,87.0,2418.0,1,2018,0.0015773773
646310.0,ProjectM : Daydream,2017-09-05,5500.0,6.0,6.0,Adventure,0.0,0.0,Simulation,8.0,0.0,0.0,,mixed,single only,63.0,25.0,,,,88.0,0,2017,0.035086095
646330.0,Darkness and Flame: Missing Memories,2017-10-24,7500.0,4.0,4.0,Adventure,0.0,22.0,Adventure,13.0,0.0,0.0,,very positive,single only,84.0,2.0,1.3,19.0,91.9,86.0,0,2017,0.19990301
646470.0,Alicia Quatermain: Secrets Of The Lost Treasures,2017-09-01,3300.0,5.0,5.0,Casual,0.0,20.0,Casual,10.0,0.0,0.0,,very positive,single only,110.0,17.0,1.2,12.0,93.4,127.0,0,2017,0.52493966
646500.0,Egypt: Old Kingdom,2018-05-24,15500.0,4.0,4.0,Indie,0.0,89.0,Indie,9.0,0.0,1.0,,very positive,single only,825.0,129.0,10.8,271.0,60.2,954.0,1,2018,0.0626221
646530.0,Hop Step Sing! kiss×kiss×kiss (HQ Edition),2017-06-30,5500.0,6.0,5.0,Casual,0.0,0.0,Casual,4.0,0.0,0.0,,very positive,single only,51.0,4.0,,,,55.0,0,2017,0.09837219
646570.0,Slay the Spire,2019-01-24,26000.0,3.0,3.0,Indie,0.0,46.0,Roguelike Deckbuilder,17.0,0.0,1.0,overwhelmingly positive,overwhelmingly positive,single only,112417.0,2427.0,10190.1,32937.0,90.8,114844.0,1,2019,0.9609945
646910.0,The Crew™ 2,2018-06-29,55000.0,6.0,1.0,Action,0.0,34.0,Racing,14.0,0.0,1.0,very positive,very positive,single and multi,48706.0,11734.0,1896.8,12707.0,83.0,60440.0,1,2018,0.001366049
647000.0,RoBros,2017-05-20,0.0,6.0,6.0,Action,0.0,0.0,Free to Play,1.0,0.0,0.0,,mixed,single only,39.0,38.0,2.7,26.0,,77.0,0,2017,0.040627033
647040.0,Riaaf The Spider,2017-06-10,1100.0,6.0,6.0,Adventure,0.0,1260.0,Indie,2.0,0.0,0.0,,very positive,single only,119.0,22.0,,,89.5,141.0,0,2017,0.763677
647050.0,Super Hardcore,2017-07-10,1100.0,6.0,6.0,Action,0.0,21.0,Strategy,1.0,0.0,0.0,,mixed,single only,16.0,20.0,0.0,7.0,60.2,36.0,0,2017,0.15882257
647280.0,Pixel Shooter,2017-07-04,11000.0,6.0,6.0,Action,0.0,5.0,Side Scroller,1.0,0.0,0.0,,mostly negative,single only,55.0,104.0,,,60.7,159.0,0,2017,0.1448825
647570.0,Transference™,2018-11-02,27000.0,1.0,1.0,Adventure,0.0,14.0,Adventure,13.0,0.0,0.0,,mostly positive,single only,265.0,104.0,,,71.3,369.0,0,2018,0.57444406
647820.0,Order No. 227: Not one step back!,2018-07-04,5500.0,6.0,6.0,Action,0.0,50.0,Action,2.0,0.0,0.0,,mostly negative,single and multi,26.0,47.0,,,78.8,73.0,0,2018,0.24062291
647830.0,LEGO® Marvel Super Heroes 2,2017-11-15,22500.0,6.0,1.0,Action,0.0,75.0,LEGO,14.0,0.0,1.0,very positive,very positive,single only,5509.0,844.0,230.9,1042.0,72.8,6353.0,1,2017,0.90062964
647960.0,Rusted Warfare - RTS,2017-07-15,5500.0,6.0,6.0,Indie,0.0,0.0,RTS,1.0,0.0,0.0,very positive,overwhelmingly positive,single and multi,2745.0,73.0,97.1,215.0,,2818.0,1,2017,0.1209968
647990.0,Batter Up! VR,2017-07-18,10500.0,5.0,5.0,Casual,0.0,29.0,Casual,1.0,0.0,0.0,,positive,single and multi,20.0,2.0,,,78.3,22.0,0,2017,0.6291771
648050.0,Super Pilot,2018-09-18,13500.0,5.0,5.0,Indie,0.0,0.0,Racing,1.0,0.0,0.0,,very positive,single only,103.0,10.0,,,,113.0,0,2018,0.8106265
648100.0,Raging Loop,2017-08-24,32000.0,4.0,4.0,Adventure,0.0,0.0,Adventure,2.0,0.0,0.0,overwhelmingly positive,overwhelmingly positive,single only,2917.0,84.0,110.7,429.0,,3001.0,1,2017,0.9870903
648120.0,Pixel Painter,2017-06-20,1100.0,6.0,6.0,Casual,0.0,0.0,Education,10.0,0.0,0.0,,mostly positive,,728.0,254.0,4.9,8487.0,,982.0,1,2017,0.6664659
648350.0,Jurassic World Evolution,2018-06-12,46400.0,2.0,2.0,Simulation,0.0,73.0,Building,12.0,0.0,1.0,very positive,very positive,single only,42371.0,6707.0,796.7,60296.0,95.0,49078.0,1,2018,0.9634841
648390.0,Marie's Room,2018-04-13,0.0,5.0,5.0,Adventure,0.0,7.0,Free to Play,1.0,0.0,1.0,very positive,very positive,single only,5417.0,334.0,5.4,274.0,85.6,5751.0,1,2018,0.9647029
648550.0,Choice,2017-11-20,1100.0,6.0,6.0,Action,0.0,34.0,Action,1.0,0.0,0.0,,9 user reviews,single only,16.0,4.0,,,91.5,20.0,0,2017,0.11406952
648580.0,428: Shibuya Scramble,2018-09-05,51000.0,2.0,2.0,Adventure,0.0,27.0,Adventure,1.0,0.0,0.0,overwhelmingly positive,very positive,single only,981.0,63.0,88.3,413.0,49.4,1044.0,1,2018,0.38580978
648600.0,FINAL FANTASY XV WINDOWS EDITION MOD ORGANIZER,2018-06-08,0.0,6.0,6.0,Free to Play,0.0,0.0,Free to Play,3.0,0.0,0.0,,mostly negative,single only,13.0,26.0,0.2,55.0,,39.0,0,2018,0.6246133
648800.0,Raft,2022-06-21,21000.0,6.0,6.0,Adventure,1.0,104.0,Survival,12.0,0.0,0.0,very positive,very positive,single and multi,182707.0,13303.0,42033.6,100474.0,93.0,196010.0,1,2022,0.65211546
649150.0,Phobia,2017-06-09,6500.0,6.0,6.0,Action,0.0,0.0,Action,2.0,0.0,0.0,,mixed,single only,16.0,38.0,,,,54.0,0,2017,0.44239601
649190.0,Blast Zone! Tournament,2019-02-28,10500.0,5.0,5.0,Action,0.0,45.0,Action,13.0,0.0,0.0,,mixed,single only,524.0,363.0,,,2.3,887.0,0,2019,0.039310455
649360.0,Yesterday,2017-08-24,5500.0,6.0,2.0,Casual,0.0,6.0,Early Access,12.0,0.0,0.0,,positive,single only,23.0,5.0,0.0,3.0,46.4,28.0,0,2017,0.9767125
649450.0,Deadly Escape,2018-02-10,2200.0,5.0,5.0,Action,0.0,13.0,Action,1.0,0.0,0.0,,mixed,single only,46.0,21.0,,,68.1,67.0,0,2018,0.9283674
649600.0,Swords and Sandals 2 Redux,2017-06-30,7500.0,5.0,5.0,RPG,0.0,81.0,2D Fighter,1.0,0.0,0.0,mostly positive,mostly positive,single only,312.0,93.0,6.4,46.0,47.6,405.0,0,2017,0.78463334
649790.0,Harvest Life,2017-11-10,15500.0,5.0,5.0,Casual,0.0,59.0,Farming Sim,10.0,0.0,0.0,,mixed,single only,124.0,121.0,0.6,19.0,67.8,245.0,0,2017,0.83044136
649810.0,Windstorm: Start of a Great Friendship,2017-07-28,19500.0,6.0,5.0,Adventure,0.0,24.0,Horses,8.0,0.0,0.0,,mostly positive,single only,81.0,30.0,1.1,61.0,36.8,111.0,0,2017,0.9096906
649890.0,Caliban Below,2018-06-20,0.0,6.0,6.0,Adventure,0.0,0.0,Free to Play,2.0,0.0,1.0,,very positive,single only,187.0,15.0,,,,202.0,0,2018,0.45100346
649950.0,Ashen,2019-12-10,41000.0,2.0,2.0,Action,0.0,34.0,Souls-like,12.0,0.0,1.0,,mostly positive,single and multi,1783.0,763.0,24.1,657.0,77.6,2546.0,1,2019,0.9956521
649990.0,Writers,2017-11-21,4400.0,6.0,6.0,Casual,0.0,22.0,Indie,1.0,0.0,0.0,,positive,single only,25.0,2.0,,,68.4,27.0,0,2017,0.9386605
650000.0,DOOM VFR,2017-12-01,16500.0,1.0,1.0,Action,0.0,15.0,Action,10.0,0.0,0.0,,,single only,1385.0,1075.0,3.0,597.0,79.7,2460.0,0,2017,0.6868056
650070.0,OVERTURN,2017-10-17,32000.0,6.0,6.0,Action,0.0,6.0,Action,6.0,0.0,0.0,,very positive,single only,59.0,13.0,0.2,13.0,10.7,72.0,0,2017,0.25607175
650220.0,Interplanetary: Enhanced Edition,2017-08-03,16000.0,5.0,1.0,Indie,0.0,27.0,Strategy,5.0,0.0,1.0,mostly positive,very positive,single only,579.0,105.0,16.4,373.0,39.2,684.0,1,2017,0.93386924
650440.0,Warbanners,2017-10-18,20500.0,5.0,5.0,Indie,0.0,21.0,Strategy,10.0,0.0,1.0,,mostly positive,single only,350.0,137.0,,,82.1,487.0,0,2017,0.13637462
650490.0,Dinosaur Hunt First Blood,2017-09-15,5500.0,6.0,6.0,Action,0.0,2008.0,Action,1.0,0.0,0.0,,mixed,single and multi,81.0,93.0,,,81.2,174.0,0,2017,0.09683889
650670.0,Grimoire : Heralds of the Winged Exemplar (V2),2017-08-04,10500.0,5.0,5.0,Adventure,0.0,0.0,RPG,1.0,0.0,0.0,,mixed,single only,396.0,169.0,1.6,211.0,,565.0,0,2017,0.9989017
650730.0,Weeping Skies,2017-06-16,7500.0,4.0,4.0,Adventure,0.0,0.0,Adventure,1.0,0.0,0.0,,mixed,single only,9.0,9.0,0.0,6.0,,18.0,0,2017,0.39615768
650740.0,Leap of Champions,2020-02-02,8500.0,6.0,6.0,Action,1.0,41.0,Action,1.0,0.0,0.0,,1 user reviews,single and multi,24.0,13.0,,,32.2,37.0,0,2020,0.6246133
650760.0,侠客风云传前传(Tale of Wuxia:The Pre-Sequel),2017-08-15,18000.0,6.0,3.0,Adventure,0.0,0.0,RPG,3.0,0.0,1.0,very positive,mostly positive,single only,1722.0,500.0,84.8,503.0,,2222.0,1,2017,0.0006252229
650780.0,AngerForce: Reloaded,2017-09-15,10500.0,5.0,5.0,,0.0,64.0,Shooter,7.0,0.0,0.0,,very positive,single and multi,326.0,32.0,,,64.5,358.0,0,2017,0.88715476
650880.0,Beyond the Invisible: Evening,2017-06-22,10500.0,6.0,6.0,Adventure,0.0,0.0,Casual,2.0,0.0,0.0,,5 user reviews,single only,14.0,14.0,,,,28.0,0,2017,0.012607247
650940.0,Rogue Empire: Dungeon Crawler RPG,2019-01-25,15500.0,5.0,5.0,Indie,0.0,44.0,Traditional Roguelike,1.0,0.0,1.0,,very positive,single only,294.0,38.0,5.1,329.0,76.4,332.0,0,2019,0.5754496
651010.0,Nurbits,2017-07-18,10500.0,6.0,6.0,Casual,0.0,18.0,Puzzle,1.0,0.0,0.0,,7 user reviews,single only,6.0,3.0,,,44.4,9.0,0,2017,0.7627411
651090.0,Aces High III,2016-09-15,0.0,6.0,6.0,Free to Play,0.0,0.0,Free to Play,1.0,0.0,0.0,,mixed,single only,194.0,131.0,4.4,90.0,,325.0,0,2016,0.48681897
651120.0,Diesel Express VR,2019-01-24,10500.0,6.0,6.0,Action,0.0,0.0,Action,1.0,0.0,0.0,,mostly positive,single only,12.0,5.0,,,,17.0,0,2019,0.9712471
651150.0,Quantum League,2021-04-15,10500.0,5.0,5.0,Action,1.0,0.0,Action,11.0,0.0,0.0,,mostly positive,,1743.0,557.0,,,,2300.0,1,2021,0.97051114
651340.0,Shephy,2017-08-04,5500.0,2.0,2.0,Casual,0.0,29.0,Card Game,4.0,0.0,0.0,,mostly positive,single only,108.0,32.0,,,87.8,140.0,0,2017,0.996361
651380.0,BANG! BANG! Totally Accurate Redneck Simulator,2020-05-05,1100.0,6.0,6.0,Action,0.0,0.0,Casual,1.0,0.0,0.0,,very positive,single only,211.0,17.0,0.3,21.0,,228.0,0,2020,0.98445916
651470.0,Onirim - Solitaire Card Game,2017-07-26,0.0,2.0,2.0,Casual,0.0,58.0,Free to Play,5.0,0.0,1.0,,very positive,single only,158.0,37.0,1.3,29.0,77.2,195.0,0,2017,0.23439664
651500.0,My Memory of Us,2018-10-09,18500.0,4.0,4.0,Action,0.0,23.0,Adventure,15.0,0.0,1.0,,very positive,single only,616.0,48.0,1.5,28.0,65.1,664.0,1,2018,0.0006864369
651660.0,Halcyon 6: Starbase Commander (LIGHTSPEED EDITION),2017-08-10,16000.0,5.0,5.0,Indie,0.0,82.0,4X,1.0,0.0,1.0,,very positive,single only,586.0,148.0,5.6,409.0,75.4,734.0,1,2017,0.8488772
651670.0,Star Renegades,2020-09-08,26000.0,2.0,2.0,Action,0.0,44.0,Roguelike,10.0,0.0,1.0,very positive,very positive,single only,1777.0,300.0,59.3,1772.0,87.1,2077.0,1,2020,0.85866
652190.0,Emily Wants to Play Too,2017-12-14,8500.0,6.0,6.0,Action,0.0,14.0,Horror,1.0,0.0,0.0,,very positive,single only,288.0,57.0,1.4,20.0,37.0,345.0,0,2017,0.5176102
652230.0,CrazyCar,2017-07-27,6500.0,5.0,5.0,Adventure,0.0,0.0,Racing,4.0,0.0,1.0,,8 user reviews,single only,24.0,56.0,0.3,3.0,,80.0,0,2017,0.9168408
652250.0,Pond Wars,2019-06-18,5500.0,6.0,6.0,Indie,0.0,0.0,Indie,1.0,0.0,0.0,,1 user reviews,,1.0,0.0,,,,1.0,0,2019,0.25636327
652340.0,Flagsplosion,2017-06-29,3300.0,5.0,5.0,Casual,0.0,45.0,Indie,1.0,0.0,0.0,,positive,single only,46.0,4.0,,,87.4,50.0,0,2017,0.9636955
652360.0,BFF or Die,2018-09-13,5500.0,6.0,6.0,Action,0.0,40.0,Co-op,1.0,0.0,0.0,,mixed,single and multi,36.0,13.0,0.8,8.0,11.7,49.0,0,2018,0.84244776
652550.0,Vickinachi,2017-07-18,1100.0,6.0,6.0,Action,0.0,26.0,RPG,1.0,0.0,0.0,,5 user reviews,single only,35.0,169.0,0.0,16.0,43.0,204.0,0,2017,0.07564351
652600.0,Descent - Silence of Mind,2017-08-02,10500.0,5.0,5.0,Adventure,0.0,0.0,Indie,1.0,0.0,0.0,,mixed,single only,56.0,28.0,,,,84.0,0,2017,0.46427494
652660.0,ESport Manager,2018-06-19,10500.0,6.0,6.0,Action,0.0,0.0,Simulation,6.0,0.0,0.0,,mixed,single only,68.0,99.0,,,,167.0,0,2018,0.99863696
652980.0,Loading Screen Simulator,2017-07-15,0.0,6.0,6.0,Casual,0.0,20.0,Free to Play,1.0,0.0,0.0,very positive,very positive,single only,7203.0,1084.0,12.8,1016.0,98.3,8287.0,1,2017,0.9259895
652990.0,Eternal Maze,2017-09-11,1100.0,6.0,6.0,Adventure,0.0,0.0,Strategy,2.0,0.0,0.0,,no user reviews,single only,6.0,1.0,,,,7.0,0,2017,0.9848261
653210.0,Prisoner,2017-07-17,3300.0,6.0,6.0,Adventure,0.0,33.0,Indie,2.0,0.0,1.0,,mixed,single only,22.0,15.0,,,26.7,37.0,0,2017,0.46493044
653220.0,Chroma Blast,2017-07-08,0.0,6.0,6.0,Action,0.0,31.0,Free to Play,1.0,0.0,0.0,,very positive,single only,203.0,47.0,1.3,46.0,3.4,250.0,0,2017,0.9264842
653530.0,Return of the Obra Dinn,2018-10-19,20500.0,2.0,2.0,Adventure,0.0,16.0,Detective,12.0,0.0,1.0,overwhelmingly positive,overwhelmingly positive,single only,16579.0,546.0,141.5,1220.0,62.2,17125.0,1,2018,0.76936066
653760.0,Crushing Blow,2017-08-16,3300.0,5.0,5.0,Casual,0.0,33.0,Casual,2.0,0.0,0.0,,mixed,single only,14.0,13.0,,,44.7,27.0,0,2017,0.052169472
653780.0,Defend Your Kingdom,2017-06-28,1100.0,6.0,6.0,Action,0.0,30.0,Action,1.0,0.0,0.0,,7 user reviews,single only,8.0,2.0,,,55.1,10.0,0,2017,0.99937594
653950.0,Your Smile Beyond Twilight:黄昏下的月台上,2017-06-24,2200.0,6.0,6.0,Adventure,0.0,9.0,Indie,3.0,0.0,1.0,,very positive,single only,520.0,27.0,0.5,20.0,83.2,547.0,1,2017,0.9309794
654020.0,Ben The Exorcist,2017-07-07,6500.0,6.0,6.0,Action,0.0,26.0,Action,3.0,0.0,0.0,,positive,single only,29.0,5.0,,,68.5,34.0,0,2017,0.95163006
654050.0,JYDGE,2017-10-04,16000.0,4.0,4.0,Action,0.0,15.0,Action,8.0,0.0,0.0,,very positive,single and multi,595.0,89.0,,,50.9,684.0,1,2017,0.93963087
654090.0,High clear VR,2017-06-26,21000.0,6.0,6.0,Action,0.0,0.0,Action,1.0,0.0,0.0,,mostly positive,single only,43.0,13.0,,,,56.0,0,2017,0.6246133
654100.0,Rival Megagun,2018-11-30,15500.0,6.0,5.0,Action,0.0,25.0,Action,11.0,0.0,0.0,,positive,single only,58.0,6.0,,,71.7,64.0,0,2018,0.98199624
654220.0,Flash Point: Fire Rescue,2018-03-29,21000.0,6.0,6.0,Casual,0.0,16.0,Casual,1.0,0.0,0.0,,very positive,single and multi,109.0,25.0,,,19.1,134.0,0,2018,0.47497174
654250.0,Catacombs 1: Demon War,2017-07-13,3300.0,5.0,5.0,Adventure,0.0,0.0,Adventure,1.0,0.0,0.0,,mixed,single only,15.0,13.0,0.0,5.0,,28.0,0,2017,0.076520056
654300.0,Darkest Hunters,2017-09-27,6500.0,6.0,3.0,Adventure,0.0,12.0,Casual,2.0,0.0,0.0,,mixed,single only,54.0,48.0,,,50.4,102.0,0,2017,0.8974044
654350.0,Cyber Utopia,2017-06-16,1100.0,6.0,3.0,Action,0.0,0.0,Action,1.0,0.0,0.0,,mixed,single only,39.0,53.0,,,,92.0,0,2017,0.01080513
654440.0,Isotiles - Isometric Puzzle Game,2017-06-17,2200.0,6.0,6.0,Casual,0.0,10.0,Isometric,4.0,0.0,0.0,,very positive,single only,136.0,18.0,,,91.3,154.0,0,2017,0.47582668
654570.0,History2048 - 3D puzzle number game,2017-06-17,2200.0,6.0,6.0,Casual,0.0,0.0,Indie,1.0,0.0,0.0,,mostly positive,single only,21.0,11.0,,,,32.0,0,2017,0.98686856
654580.0,Senalux,2017-10-17,8500.0,5.0,5.0,Indie,0.0,42.0,Puzzle,11.0,0.0,1.0,,positive,single only,23.0,0.0,0.0,4.0,84.3,23.0,0,2017,0.6714574
654610.0,Mr. Dubstep,2017-09-13,13150.0,5.0,5.0,Action,0.0,46.0,Casual,1.0,0.0,0.0,,mostly positive,single only,88.0,44.0,,,88.6,132.0,0,2017,0.14213416
654660.0,Pharmakon - Tactical Puzzle,2017-07-20,4400.0,5.0,5.0,Indie,0.0,20.0,Puzzle,2.0,0.0,0.0,,mixed,single only,14.0,11.0,,,95.8,25.0,0,2017,0.5415362
654690.0,Bermuda - Lost Survival,2020-09-26,10500.0,6.0,6.0,Action,1.0,18.0,Open World Survival Craft,1.0,0.0,0.0,,mixed,single only,272.0,194.0,,,17.1,466.0,0,2020,0.051560223
654710.0,Ashes,2017-06-28,1100.0,5.0,5.0,Action,0.0,11.0,Action,2.0,0.0,0.0,,mixed,single only,36.0,21.0,,,80.8,57.0,0,2017,0.89905936
654770.0,Ballway,2017-07-21,1100.0,6.0,6.0,Casual,0.0,0.0,Indie,27.0,0.0,0.0,,very positive,single only,51.0,6.0,,,,57.0,0,2017,0.76263946
654810.0,A Snake's Tale,2017-07-07,3300.0,5.0,5.0,Indie,0.0,0.0,Indie,1.0,0.0,0.0,,positive,single only,27.0,1.0,0.0,4.0,,28.0,0,2017,0.66218454
654880.0,Dream Daddy: A Dad Dating Simulator,2017-07-21,15500.0,6.0,6.0,Casual,0.0,19.0,Dating Sim,2.0,0.0,1.0,very positive,very positive,single only,4777.0,446.0,27.3,14336.0,77.9,5223.0,1,2017,0.0065071583
654890.0,Grand Tactician: The Civil War (1861-1865),2021-09-25,46000.0,6.0,6.0,Strategy,1.0,0.0,Strategy,1.0,0.0,1.0,very positive,very positive,single only,1090.0,281.0,183.6,530.0,,1371.0,1,2021,0.17576942
654900.0,qop,2017-07-13,1100.0,4.0,4.0,Casual,0.0,252.0,Indie,27.0,0.0,1.0,very positive,very positive,single only,810.0,76.0,4.2,544.0,43.2,886.0,1,2017,0.9705198
654910.0,YANKAI'S PEAK.,2017-07-13,6500.0,5.0,5.0,Indie,0.0,13.0,Indie,1.0,0.0,0.0,,very positive,single only,48.0,4.0,,,26.7,52.0,0,2017,0.7192223
654950.0,Labyrinth Escape,2017-07-10,1100.0,5.0,5.0,Action,0.0,0.0,Action,1.0,0.0,0.0,,7 user reviews,single only,12.0,20.0,,,,32.0,0,2017,0.03645301
654990.0,Dude Simulator,2017-07-13,5500.0,6.0,6.0,Action,0.0,0.0,Simulation,1.0,0.0,0.0,,,single only,1071.0,724.0,10.1,2571.0,,1795.0,0,2017,0.5182169
655040.0,Deltaplan Simulator,2017-08-03,5500.0,6.0,6.0,Action,0.0,0.0,Action,1.0,0.0,0.0,,mixed,single only,10.0,6.0,,,,16.0,0,2017,0.31335294
655100.0,Oik 3,2017-11-09,1100.0,4.0,4.0,Casual,0.0,5000.0,Puzzle,29.0,0.0,0.0,very positive,very positive,single only,588.0,79.0,9.5,1480.0,48.1,667.0,1,2017,0.9236747
655120.0,Space Hero Line,2017-08-24,5500.0,4.0,4.0,Adventure,0.0,0.0,Indie,5.0,0.0,0.0,,mixed,single only,49.0,28.0,,,,77.0,0,2017,0.74797904
655160.0,welcome to heaven,2017-06-23,0.0,6.0,6.0,Adventure,0.0,0.0,Free to Play,1.0,0.0,0.0,,mostly positive,single only,367.0,140.0,,,,507.0,1,2017,0.6246133
655170.0,Telepathy Zero,2017-07-22,0.0,6.0,6.0,Casual,0.0,9.0,Indie,4.0,0.0,0.0,,mostly negative,single only,21.0,35.0,,,79.0,56.0,0,2017,0.74819505
655250.0,Insectophobia : Episode 1,2017-07-04,1100.0,4.0,4.0,Action,0.0,9.0,Platformer,17.0,0.0,0.0,,mostly negative,single only,12.0,21.0,,,73.9,33.0,0,2017,0.6045878
655270.0,EPONYMOUS,2017-10-31,3300.0,5.0,5.0,Adventure,0.0,0.0,Surreal,1.0,0.0,0.0,,mixed,single only,33.0,14.0,,,,47.0,0,2017,0.0464997
655280.0,Ping,2017-06-16,0.0,6.0,6.0,Action,0.0,0.0,Indie,1.0,0.0,0.0,,mostly positive,single only,23.0,6.0,,,,29.0,0,2017,0.9945507
655290.0,Escape The Pacific,2018-02-24,15500.0,6.0,6.0,Action,0.0,83.0,Open World Survival Craft,5.0,0.0,0.0,very positive,mostly positive,single only,410.0,156.0,27.7,182.0,50.3,566.0,1,2018,0.09139624
655370.0,Train Bandit,2017-10-13,1100.0,6.0,5.0,Action,0.0,12.0,Indie,10.0,0.0,0.0,,positive,single only,52.0,5.0,,,73.3,57.0,0,2017,0.60508746
655380.0,Dig Dog,2018-02-09,4400.0,6.0,5.0,Action,0.0,14.0,Action Roguelike,11.0,0.0,0.0,,mostly positive,single only,59.0,16.0,,,53.3,75.0,0,2018,0.8905637
655480.0,Solar Settlers,2017-07-22,10500.0,5.0,5.0,Strategy,0.0,11.0,Strategy,1.0,0.0,0.0,,very positive,single only,249.0,10.0,1.7,28.0,82.4,259.0,0,2017,0.0068635046
655550.0,NOKBAK,2017-06-13,0.0,6.0,6.0,Action,0.0,0.0,Free to Play,1.0,0.0,0.0,,mostly positive,,238.0,85.0,,,,323.0,0,2017,0.09165105
655700.0,F.E.X (Forced Evolution Experiment),2017-08-24,7500.0,6.0,6.0,Action,0.0,11.0,Indie,2.0,0.0,0.0,,1 user reviews,single only,6.0,49.0,,,27.4,55.0,0,2017,0.22151583
655730.0,This Strange Realm Of Mine,2017-07-19,13500.0,5.0,5.0,Action,0.0,31.0,FPS,1.0,0.0,1.0,,very positive,single only,381.0,76.0,1.0,56.0,43.3,457.0,0,2017,0.10514027
655760.0,Beast Mode: Night of the Werewolf,2017-06-23,1100.0,6.0,6.0,Action,0.0,20.0,Action,1.0,0.0,0.0,,mostly positive,single only,26.0,12.0,,,71.8,38.0,0,2017,0.061294526
655780.0,Project 5: Sightseer,2019-08-17,0.0,6.0,6.0,Action,0.0,56.0,Adventure,2.0,0.0,0.0,,mixed,single and multi,310.0,135.0,5.0,454.0,48.0,445.0,0,2019,0.0017939806
655790.0,Fly Simulator,2017-07-16,1100.0,4.0,4.0,Action,0.0,13.0,Simulation,1.0,0.0,0.0,,mixed,single only,466.0,239.0,2.0,25.0,64.7,705.0,0,2017,0.8209801
655910.0,BULLET PARTY,2017-08-01,1100.0,6.0,6.0,Action,0.0,36.0,Twin Stick Shooter,1.0,0.0,0.0,,very positive,single and multi,69.0,3.0,0.0,3.0,79.8,72.0,0,2017,0.8002938
655930.0,Merri Puzzle,2017-06-20,1100.0,6.0,6.0,Indie,0.0,50.0,Indie,1.0,0.0,0.0,,2 user reviews,single only,12.0,29.0,,,70.3,41.0,0,2017,0.0896233
656140.0,PLANETS OF WAR,2017-06-30,1100.0,6.0,6.0,Action,0.0,50.0,Action,1.0,0.0,0.0,,mixed,single only,115.0,98.0,,,87.6,213.0,0,2017,0.9531586
656190.0,THE HOUCHI PLAY -THE 放置プレイ-,2017-07-31,5500.0,5.0,5.0,Action,0.0,0.0,Indie,2.0,0.0,1.0,,positive,single only,11.0,1.0,,,,12.0,0,2017,0.17561138
656200.0,电竞俱乐部/ESports Club,2017-06-30,9500.0,6.0,6.0,Indie,0.0,10.0,Simulation,3.0,0.0,1.0,,mixed,single only,828.0,707.0,6.1,888.0,47.8,1535.0,0,2017,0.8477713
656210.0,ROMBY,2017-07-27,1100.0,5.0,5.0,Casual,0.0,64.0,Indie,2.0,0.0,0.0,,mostly positive,single only,107.0,45.0,0.2,7.0,78.4,152.0,0,2017,0.07374245
656330.0,Outpost L5,2017-07-29,1100.0,6.0,6.0,Action,0.0,0.0,Action,1.0,0.0,0.0,,1 user reviews,single only,13.0,3.0,,,,16.0,0,2017,0.52960044
656350.0,UnderMine,2020-08-06,20500.0,5.0,5.0,Action,1.0,96.0,Action Roguelike,10.0,0.0,1.0,very positive,very positive,single only,6868.0,512.0,181.0,3234.0,94.7,7380.0,1,2020,0.07992938
656450.0,Alien Hallway 2,2017-10-05,5500.0,3.0,3.0,Action,0.0,22.0,Strategy,2.0,0.0,0.0,,mostly positive,single only,92.0,39.0,,,86.9,131.0,0,2017,0.2647368
656460.0,Vostok Inc.,2017-07-26,16000.0,6.0,2.0,Action,0.0,45.0,Casual,8.0,0.0,0.0,,mixed,single only,56.0,37.0,,,73.0,93.0,0,2017,0.07809189
656510.0,Epic Car Factory,2018-04-10,10500.0,6.0,3.0,Simulation,0.0,27.0,Simulation,6.0,0.0,0.0,,mixed,single only,119.0,70.0,,,87.3,189.0,0,2018,0.40361446
656530.0,Pro Gamer Manager 2,2017-10-06,21000.0,6.0,6.0,Indie,0.0,0.0,Simulation,1.0,0.0,0.0,,very negative,single only,26.0,144.0,,,,170.0,0,2017,0.10471028
656550.0,Shadow Bug,2017-07-21,6500.0,5.0,5.0,Action,0.0,19.0,Action,11.0,0.0,0.0,,very positive,single only,92.0,5.0,,,84.7,97.0,0,2017,0.26338845
656590.0,Eight-Minute Empire,2017-09-07,6500.0,5.0,5.0,Casual,0.0,75.0,Casual,12.0,0.0,1.0,,very positive,single only,73.0,16.0,0.7,11.0,73.3,89.0,0,2017,0.005404681
656600.0,Slash It Ultimate,2017-07-15,13150.0,5.0,5.0,Action,0.0,526.0,Casual,27.0,0.0,0.0,,mostly positive,single only,366.0,149.0,11.8,1314.0,35.7,515.0,1,2017,0.99698126
656610.0,Red Wake Carnage,2017-09-01,1100.0,6.0,6.0,Action,0.0,2516.0,Action,1.0,0.0,0.0,,mixed,single and multi,113.0,127.0,19.5,494.0,10.6,240.0,0,2017,0.91227746
656660.0,Fantasy Mosaics 15: Ancient Land,2016-05-17,7500.0,6.0,6.0,Casual,0.0,0.0,Casual,1.0,0.0,0.0,,9 user reviews,single only,9.0,0.0,,,,9.0,0,2016,0.99257195
656740.0,Cosmonator,2019-01-22,7500.0,6.0,6.0,Action,0.0,25.0,Action,1.0,0.0,0.0,,very positive,single only,74.0,9.0,,,61.4,83.0,0,2019,0.082134515
656880.0,Cybercube,2017-09-22,13150.0,5.0,5.0,Action,0.0,85.0,Action,1.0,0.0,0.0,,very positive,single only,138.0,33.0,,,88.0,171.0,0,2017,0.14381212
656970.0,MagiCat,2017-08-22,5500.0,2.0,2.0,Action,0.0,24.0,Indie,5.0,0.0,1.0,,very positive,single only,415.0,40.0,2.6,106.0,14.1,455.0,0,2017,0.94578725
657010.0,Lucky Night: Texas Hold'em VR,2017-07-27,0.0,6.0,6.0,Casual,0.0,0.0,Free to Play,2.0,0.0,0.0,,mostly positive,,140.0,36.0,,,,176.0,0,2017,0.98947036
657040.0,The Myth Seekers: The Legacy of Vulcan,2017-08-11,10500.0,2.0,2.0,Adventure,0.0,18.0,Adventure,9.0,0.0,0.0,,very positive,single only,141.0,27.0,2.4,81.0,72.1,168.0,0,2017,0.8356029
657050.0,Humanity Must Perish,2017-09-26,0.0,5.0,5.0,Casual,0.0,8.0,Free to Play,1.0,0.0,0.0,,very positive,single only,169.0,34.0,0.9,14.0,83.1,203.0,0,2017,0.982028
657090.0,Robothorium,2019-01-31,16000.0,3.0,3.0,Indie,0.0,16.0,Strategy,8.0,0.0,1.0,,mixed,single only,248.0,100.0,,,39.4,348.0,0,2019,0.9918204
657110.0,2 Planets Fire and Ice,2017-08-07,9500.0,6.0,6.0,Casual,0.0,0.0,Strategy,8.0,0.0,0.0,,7 user reviews,single only,12.0,9.0,,,,21.0,0,2017,0.047205716
657120.0,Flix and Chill 2: Millennials,2017-07-18,1100.0,6.0,6.0,Casual,0.0,23.0,Casual,1.0,0.0,1.0,,positive,single only,42.0,7.0,,,57.4,49.0,0,2017,0.58048254
657200.0,Hand Simulator,2017-07-19,2200.0,4.0,4.0,Simulation,0.0,69.0,Simulation,1.0,0.0,0.0,mostly positive,very positive,single only,28554.0,5417.0,121.5,2674.0,42.0,33971.0,1,2017,0.30305472
657240.0,Tracks - The Train Set Game,2019-11-15,20500.0,5.0,3.0,Indie,0.0,15.0,Simulation,10.0,0.0,1.0,,very positive,single only,982.0,65.0,13.2,81.0,32.2,1047.0,1,2019,0.3924484
657260.0,救う(SHE SAVE),2017-07-15,5500.0,6.0,6.0,Action,0.0,10.0,Action,2.0,0.0,0.0,,positive,single only,36.0,7.0,0.0,19.0,92.2,43.0,0,2017,0.667412
657290.0,Blind Men,2017-07-26,4400.0,5.0,5.0,Indie,0.0,10.0,Visual Novel,2.0,0.0,0.0,,very positive,single only,50.0,10.0,0.1,7.0,68.8,60.0,0,2017,0.98767954
657440.0,Burn It Down,2017-08-03,1100.0,6.0,6.0,Adventure,0.0,14.0,Indie,2.0,0.0,0.0,,very positive,single only,56.0,12.0,,,86.3,68.0,0,2017,0.22199872
657470.0,Take Off - The Flight Simulator,2017-10-10,9100.0,6.0,2.0,Simulation,0.0,16.0,Simulation,18.0,0.0,0.0,,mixed,single only,50.0,53.0,,,14.0,103.0,0,2017,0.18965259
657510.0,TUBELIVE,2020-05-13,8500.0,6.0,6.0,Casual,0.0,19.0,Casual,1.0,0.0,0.0,,positive,single only,51.0,3.0,0.0,8.0,89.3,54.0,0,2020,0.9916831
657530.0,Impresja,2017-07-28,7500.0,6.0,6.0,Indie,0.0,0.0,Indie,1.0,0.0,0.0,,mostly positive,single only,28.0,12.0,0.0,6.0,,40.0,0,2017,0.9933671
657590.0,Grav Blazer,2017-07-18,5650.0,4.0,4.0,Action,0.0,0.0,Action,1.0,0.0,0.0,,mixed,single only,52.0,43.0,,,,95.0,0,2017,0.59141266
657630.0,Fidget Spinner,2017-09-07,1100.0,6.0,6.0,Casual,0.0,0.0,Memes,1.0,0.0,0.0,,very positive,single only,525.0,118.0,,,,643.0,1,2017,0.6874763
657690.0,The Caribbean Sail,2017-09-20,15500.0,5.0,5.0,Action,0.0,40.0,Pirates,1.0,0.0,1.0,,very positive,single only,371.0,21.0,1.9,20.0,60.6,392.0,0,2017,0.96648896
657990.0,Crafting Dead,2017-08-18,5500.0,6.0,6.0,Action,0.0,0.0,Adventure,1.0,0.0,0.0,,mixed,single only,74.0,61.0,0.3,67.0,,135.0,0,2017,0.6538374
658150.0,Skeleton Boomerang,2017-08-01,10500.0,6.0,6.0,Action,0.0,31.0,Action,1.0,0.0,1.0,,very positive,single only,119.0,5.0,1.2,18.0,75.1,124.0,0,2017,0.8798788
658160.0,ClickRaid,2017-10-21,5500.0,5.0,5.0,Action,0.0,130.0,Clicker,1.0,0.0,1.0,,very positive,single and multi,233.0,55.0,3.7,556.0,48.7,288.0,0,2017,0.058995992
658210.0,Mega Maze,2017-06-24,0.0,6.0,6.0,Casual,0.0,12.0,Indie,3.0,0.0,0.0,,mostly positive,single only,7.0,3.0,,,62.5,10.0,0,2017,0.49936074
658400.0,Baseball Mogul 2017,2017-04-03,32000.0,6.0,6.0,Casual,0.0,0.0,Baseball,1.0,0.0,0.0,,positive,single only,9.0,2.0,1.1,17.0,,11.0,0,2017,0.9660542
658430.0,Professor Watts Word Search: Into The Ocean,2017-07-17,5650.0,4.0,4.0,Casual,0.0,5000.0,Strategy,1.0,0.0,0.0,,mixed,single only,25.0,26.0,0.0,3.0,95.8,51.0,0,2017,0.96724963
658470.0,Mini Battlegrounds,2018-08-21,0.0,6.0,6.0,Action,0.0,0.0,Action,7.0,0.0,0.0,,mixed,multi only,366.0,205.0,,,,571.0,0,2018,0.88803196
658490.0,Drive Isle,2017-08-15,3300.0,6.0,6.0,Racing,0.0,5.0,Racing,3.0,0.0,0.0,,mixed,single only,58.0,34.0,,,91.3,92.0,0,2017,0.19007441
658500.0,Ultra Space Battle Brawl,2018-10-05,10500.0,4.0,2.0,Action,0.0,12.0,Sports,8.0,0.0,1.0,,very positive,single and multi,59.0,6.0,0.1,7.0,22.2,65.0,0,2018,0.9575619
658510.0,Dark Eden Origin,2017-08-18,0.0,6.0,6.0,Free to Play,0.0,0.0,Free to Play,1.0,0.0,0.0,,mixed,,32.0,48.0,,,,80.0,0,2017,0.07589242
658530.0,Grisaia Phantom Trigger Vol.3,2017-07-28,16000.0,2.0,2.0,Adventure,0.0,15.0,Visual Novel,3.0,0.0,1.0,,very positive,single only,120.0,3.0,,,88.7,123.0,0,2017,0.9244106
658550.0,Zup! Zero 2,2018-09-12,1100.0,4.0,4.0,Casual,0.0,777.0,Indie,29.0,0.0,1.0,very positive,very positive,single only,882.0,50.0,9.8,1727.0,36.9,932.0,1,2018,0.954942
658560.0,Zup! 7,2017-12-13,1100.0,4.0,4.0,Casual,0.0,2880.0,Casual,27.0,0.0,1.0,very positive,overwhelmingly positive,single only,1822.0,79.0,11.4,480.0,57.0,1901.0,1,2017,0.84396064
658570.0,FURIDASHI: Drift Cyber Sport,2017-11-02,18500.0,6.0,6.0,Racing,0.0,60.0,Racing,2.0,0.0,1.0,,very positive,single only,1000.0,212.0,1.6,103.0,62.5,1212.0,1,2017,0.027778983
658600.0,Lawnmower Game,2017-07-21,2200.0,5.0,5.0,Indie,0.0,7.0,Exploration,1.0,0.0,0.0,,very positive,single only,336.0,76.0,,,59.5,412.0,0,2017,0.16285169
658660.0,Way of Defector,2017-12-12,3300.0,6.0,6.0,Indie,0.0,36.0,Strategy,2.0,0.0,1.0,,mixed,single only,31.0,25.0,,,68.4,56.0,0,2017,0.8661052
658700.0,V-Rally 4,2018-09-25,31000.0,6.0,2.0,Racing,0.0,49.0,Racing,11.0,0.0,1.0,,mixed,single only,420.0,229.0,4.6,90.0,77.8,649.0,0,2018,0.075261
658780.0,Bomb Chicken,2019-04-16,15500.0,6.0,6.0,Action,0.0,10.0,Action,11.0,0.0,0.0,,very positive,single only,217.0,17.0,,,96.6,234.0,0,2019,0.55019504
658790.0,Samurai Riot Definitive Edition,2017-09-13,12500.0,6.0,6.0,Action,0.0,24.0,Action,3.0,0.0,1.0,,mostly positive,single and multi,56.0,13.0,,,25.9,69.0,0,2017,0.055034816
658990.0,Icycle: On Thin Ice,2017-10-25,7500.0,5.0,5.0,Action,0.0,33.0,Indie,11.0,0.0,0.0,,very positive,single only,72.0,5.0,0.2,10.0,87.5,77.0,0,2017,0.9983212
659130.0,Shopping Tycoon,2017-09-12,10500.0,6.0,6.0,Casual,0.0,40.0,Simulation,14.0,0.0,0.0,,mostly negative,single only,24.0,27.0,0.0,12.0,70.5,51.0,0,2017,0.022322685
659170.0,Super Flipside,2017-07-19,2200.0,6.0,6.0,Action,0.0,0.0,Action,1.0,0.0,0.0,,5 user reviews,single only,7.0,0.0,,,,7.0,0,2017,0.9525252
659480.0,The Initiate,2017-08-02,10500.0,6.0,6.0,Action,0.0,24.0,Indie,1.0,0.0,1.0,,mostly positive,single only,149.0,42.0,0.3,25.0,74.9,191.0,0,2017,0.96139944
659500.0,A Mining Game,2019-07-20,0.0,6.0,6.0,Free to Play,1.0,23.0,Free to Play,1.0,0.0,0.0,,mixed,,101.0,55.0,8.2,130.0,33.9,156.0,0,2019,0.08116338
659510.0,Ghostie Quest,1999-10-15,2200.0,6.0,6.0,Action,0.0,0.0,Action,1.0,0.0,0.0,,4 user reviews,single only,3.0,1.0,,,,4.0,0,1999,0.46514863
659540.0,Warsim: The Realm of Aslona,2017-06-28,8500.0,5.0,5.0,Indie,0.0,0.0,Text-Based,1.0,0.0,0.0,very positive,overwhelmingly positive,single only,837.0,23.0,9.4,256.0,,860.0,1,2017,0.9810984
659560.0,VITATIO,2017-07-29,2200.0,5.0,5.0,Casual,0.0,44.0,Indie,1.0,0.0,0.0,,positive,single only,22.0,6.0,,,91.8,28.0,0,2017,0.94868124
659840.0,WWR: World of Warfare Robots,2021-03-05,0.0,6.0,6.0,Action,0.0,0.0,Casual,10.0,0.0,0.0,,mixed,multi only,43.0,45.0,3.5,18.0,,88.0,0,2021,0.018314272
659900.0,Aetherspace,2017-07-03,0.0,6.0,6.0,Free to Play,0.0,0.0,Free to Play,1.0,0.0,1.0,,mixed,single only,41.0,26.0,2.8,40.0,,67.0,0,2017,0.92953736
659920.0,Transports,2018-01-19,18500.0,5.0,5.0,Indie,0.0,21.0,Simulation,2.0,0.0,0.0,,mixed,single only,68.0,31.0,,,39.1,99.0,0,2018,0.70181584
659940.0,Travel Riddles: Trip To France,2017-07-16,10500.0,6.0,6.0,Casual,0.0,32.0,Casual,2.0,0.0,0.0,,positive,single only,18.0,1.0,0.2,7.0,91.3,19.0,0,2017,0.8887214
660030.0,Fantasy Mosaics 18: Explore New Colors,2016-11-29,7500.0,6.0,6.0,Casual,0.0,0.0,Casual,1.0,0.0,0.0,,9 user reviews,single only,9.0,0.0,,,,9.0,0,2016,0.92375827
660110.0,DepthMera,2017-07-27,6500.0,6.0,6.0,Action,0.0,0.0,Casual,1.0,0.0,0.0,,no user reviews,single only,4.0,1.0,,,,5.0,0,2017,0.6465785
660160.0,Field of Glory II,2017-10-13,31000.0,2.0,2.0,Simulation,0.0,20.0,Strategy,4.0,0.0,1.0,,very positive,single only,596.0,76.0,27.1,298.0,71.8,672.0,1,2017,0.8628667
660180.0,Seduction 誘惑,2017-07-23,21000.0,6.0,6.0,Adventure,0.0,0.0,Sexual Content,3.0,0.0,0.0,,very negative,single only,11.0,56.0,,,,67.0,0,2017,0.24777669
660320.0,M.A.C.E. Tower Defense,2017-07-16,3300.0,5.0,5.0,Action,0.0,69.0,Strategy,1.0,0.0,0.0,,mixed,single only,31.0,13.0,,,90.7,44.0,0,2017,0.95239305
660520.0,The IOTA Project,2017-09-08,0.0,6.0,6.0,Action,0.0,0.0,Simulation,1.0,0.0,0.0,,mostly positive,single only,61.0,22.0,,,,83.0,0,2017,0.9341767
660830.0,Tanks2.DE,2019-03-23,0.0,6.0,6.0,Action,1.0,8.0,Action,2.0,0.0,1.0,,mixed,,54.0,29.0,,,58.5,83.0,0,2019,0.7107652
660880.0,b,2017-06-26,0.0,5.0,5.0,Casual,0.0,0.0,Anime,1.0,0.0,0.0,very positive,very positive,single only,3395.0,344.0,3.3,43.0,,3739.0,1,2017,0.0011611581
660900.0,Dark Mystery,2017-08-15,8500.0,5.0,5.0,Adventure,0.0,8.0,Adventure,12.0,0.0,0.0,,mixed,single only,8.0,6.0,,,51.5,14.0,0,2017,0.025158882
660920.0,The Warhorn,2019-01-29,10500.0,6.0,6.0,Action,1.0,30.0,RPG,2.0,0.0,0.0,,mixed,single and multi,171.0,118.0,1.2,77.0,65.7,289.0,0,2019,0.07347599
660940.0,Law Mower,2017-08-11,0.0,6.0,6.0,Action,0.0,10.0,Action,1.0,0.0,1.0,,7 user reviews,single and multi,5.0,2.0,,,26.2,7.0,0,2017,0.012779146
660990.0,Dead Purge: Outbreak,2017-07-14,15500.0,5.0,5.0,Action,0.0,30.0,Gore,1.0,0.0,0.0,,mixed,single only,40.0,48.0,,,91.8,88.0,0,2017,0.015974104
661000.0,Flow:The Sliding,2017-07-16,3300.0,6.0,6.0,Casual,0.0,27.0,Indie,1.0,0.0,0.0,,mostly positive,single only,222.0,65.0,,,85.6,287.0,0,2017,0.06514895
661040.0,Time Trap - Hidden Objects Puzzle Game,2017-07-28,4400.0,5.0,5.0,Adventure,0.0,5.0,Hidden Object,13.0,0.0,0.0,,mostly positive,single only,101.0,38.0,,,89.9,139.0,0,2017,0.05425465
661230.0,Progress Bar Simulator,2019-04-01,1100.0,5.0,5.0,Casual,0.0,38.0,Simulation,1.0,0.0,1.0,,very positive,single and multi,67.0,8.0,,,96.9,75.0,0,2019,0.9061911
661240.0,Visitors: Marine Invasion,2017-07-13,2200.0,6.0,6.0,Action,0.0,0.0,Action,1.0,0.0,0.0,,7 user reviews,single only,12.0,12.0,,,,24.0,0,2017,0.8885248
661290.0,Arizona Derby,2019-07-23,19500.0,5.0,5.0,Action,1.0,40.0,Racing,1.0,0.0,1.0,,mostly positive,single only,452.0,143.0,,,31.3,595.0,1,2019,0.99641734
661430.0,LineWay,2017-06-21,1100.0,6.0,6.0,Casual,0.0,0.0,Casual,27.0,0.0,0.0,,very positive,single only,391.0,25.0,1.7,78.0,,416.0,0,2017,0.9744202
661470.0,The Gateway Trilogy,2020-03-31,10500.0,5.0,5.0,Adventure,0.0,33.0,Point & Click,11.0,0.0,1.0,,mixed,single only,25.0,12.0,0.3,6.0,75.6,37.0,0,2020,0.10138723
661480.0,UniOne,2017-06-17,2200.0,6.0,6.0,Casual,0.0,6.0,Casual,2.0,0.0,0.0,,positive,single only,23.0,2.0,,,57.8,25.0,0,2017,0.9820994
661680.0,Growbot,2021-10-21,20500.0,4.0,4.0,Adventure,0.0,24.0,Adventure,10.0,0.0,1.0,,positive,single only,79.0,9.0,,,94.7,88.0,0,2021,0.052598774
661820.0,I.F.O,2017-08-11,3300.0,6.0,6.0,Action,0.0,10.0,Indie,1.0,0.0,0.0,,positive,single only,30.0,0.0,0.1,13.0,40.3,30.0,0,2017,0.9449167
661830.0,Lunarsea,2017-05-15,0.0,6.0,6.0,Action,0.0,33.0,Casual,1.0,0.0,0.0,,mostly positive,single only,45.0,15.0,,,51.4,60.0,0,2017,0.73392236
661900.0,Planetbound,2017-06-26,2200.0,5.0,5.0,Action,0.0,9.0,Action,1.0,0.0,0.0,,8 user reviews,single only,5.0,4.0,,,74.7,9.0,0,2017,0.40088415
661920.0,Claybook,2018-08-31,10500.0,6.0,6.0,Action,0.0,11.0,Casual,7.0,0.0,0.0,,mixed,single and multi,170.0,69.0,,,35.8,239.0,0,2018,0.95197934
661940.0,Regular Human Basketball,2018-08-02,5500.0,4.0,4.0,Indie,0.0,20.0,Mechs,1.0,0.0,1.0,,very positive,,279.0,61.0,,,39.9,340.0,0,2018,0.17124683
661950.0,FlyingRock: Arena,2017-06-19,0.0,6.0,6.0,Free to Play,0.0,0.0,Free to Play,2.0,0.0,0.0,,mixed,single only,27.0,22.0,,,,49.0,0,2017,0.15678039
661960.0,Dragon Lords: 3D Strategy,2017-01-01,0.0,6.0,6.0,Free to Play,0.0,145.0,Free to Play,5.0,0.0,0.0,,mostly positive,,80.0,30.0,4.6,83.0,76.5,110.0,0,2017,0.6066724
661990.0,Arcana Heart 3 LOVEMAX SIXSTARS!!!!!! XTEND,2017-12-13,32000.0,6.0,2.0,Action,0.0,56.0,Action,2.0,0.0,1.0,,very positive,single only,197.0,42.0,8.0,315.0,36.1,239.0,0,2017,0.9355297
662190.0,The Secret Order 6: Bloodline,2017-08-31,10500.0,2.0,2.0,Adventure,0.0,28.0,Casual,9.0,0.0,0.0,,very positive,single only,145.0,12.0,4.0,44.0,76.9,157.0,0,2017,0.7813353
662200.0,Swim Out,2017-09-14,6500.0,5.0,5.0,Casual,0.0,15.0,Puzzle,29.0,0.0,0.0,,mostly positive,single only,32.0,6.0,,,64.7,38.0,0,2017,0.06672004
662240.0,Epitasis,2019-05-01,15500.0,5.0,5.0,Action,0.0,10.0,Indie,9.0,0.0,1.0,,mostly positive,single only,99.0,34.0,,,66.3,133.0,0,2019,0.8772676
662470.0,SoundLites,2017-07-17,0.0,6.0,6.0,Casual,0.0,0.0,Free to Play,1.0,0.0,1.0,,mixed,single only,17.0,8.0,,,,25.0,0,2017,0.048113555
662540.0,Haque,2017-11-23,15500.0,6.0,6.0,Indie,0.0,18.0,RPG,1.0,0.0,1.0,,very positive,single only,126.0,16.0,0.2,16.0,37.7,142.0,0,2017,0.536767
662700.0,Chop and Drop VR,2017-08-22,0.0,6.0,6.0,Casual,0.0,0.0,Free to Play,1.0,0.0,0.0,,mixed,single only,39.0,17.0,,,,56.0,0,2017,0.92781854
662930.0,Dominari Empires,2018-05-14,5500.0,6.0,6.0,Action,0.0,0.0,Strategy,1.0,0.0,0.0,,positive,single only,63.0,1.0,0.0,10.0,,64.0,0,2018,0.0013672113
663090.0,Granado Espada,2017-10-16,0.0,5.0,5.0,Free to Play,0.0,0.0,Free to Play,2.0,0.0,1.0,,,,592.0,395.0,1963.1,4492.0,,987.0,0,2017,0.44273442
663110.0,Sunrise: survival,2017-08-03,0.0,6.0,6.0,Action,0.0,0.0,Action,2.0,0.0,0.0,,mixed,,215.0,192.0,7.0,95.0,,407.0,0,2017,0.066125184
663120.0,The Rosebud Condominium,2017-08-09,10500.0,4.0,6.0,Adventure,0.0,0.0,Adventure,8.0,0.0,0.0,,5 user reviews,single only,12.0,5.0,,,,17.0,0,2017,0.83657366
663130.0,Game Tengoku CruisinMix Special,2017-11-30,32000.0,6.0,5.0,Action,0.0,17.0,Action,2.0,0.0,1.0,,mostly positive,multi only,53.0,14.0,0.2,21.0,86.3,67.0,0,2017,0.8894985
663190.0,Dream Coaster VR Remastered,2017-08-11,2200.0,6.0,6.0,Casual,0.0,0.0,Casual,1.0,0.0,0.0,,mixed,single only,44.0,35.0,1.0,307.0,,79.0,0,2017,0.07002252
663200.0,Rift Coaster HD Remastered VR,2017-08-10,1100.0,6.0,6.0,Casual,0.0,0.0,Casual,1.0,0.0,0.0,,mixed,single only,32.0,48.0,,,,80.0,0,2017,0.7821357
663210.0,12 Labours of Hercules VII: Fleecing the Fleece (Platinum Edition),2018-01-12,3300.0,5.0,5.0,Casual,0.0,24.0,Casual,10.0,0.0,0.0,,very positive,single only,127.0,12.0,3.6,164.0,63.4,139.0,0,2018,0.13684008
663240.0,All You Can Eat,2017-07-14,2300.0,5.0,5.0,Adventure,0.0,11.0,Adventure,4.0,0.0,0.0,,very positive,single only,261.0,64.0,0.1,10.0,57.5,325.0,0,2017,0.36411798
663390.0,Rento Fortune: Online Dice Board Game (大富翁),2017-07-15,5500.0,6.0,6.0,Casual,0.0,30.0,Board Game,13.0,0.0,1.0,very positive,,single and multi,1392.0,1387.0,43.9,3440.0,69.8,2779.0,0,2017,0.90423834
663590.0,Foxfolk,2017-08-08,3300.0,6.0,6.0,Action,0.0,0.0,Action,1.0,0.0,0.0,,positive,single only,24.0,3.0,,,,27.0,0,2017,0.7397133
663670.0,Killer Queen Black,2019-10-11,10500.0,6.0,6.0,Action,0.0,39.0,Action,7.0,0.0,0.0,,very positive,multi only,479.0,37.0,,,33.2,516.0,1,2019,0.8003031
663690.0,Rival Rampage,2021-03-24,0.0,6.0,6.0,Action,1.0,0.0,Action,1.0,0.0,0.0,,positive,multi only,39.0,8.0,,,,47.0,0,2021,0.05002904
663830.0,George VS Bonny PP Wars,2018-07-27,3300.0,6.0,6.0,Action,0.0,6.0,Indie,2.0,0.0,0.0,,mixed,multi only,47.0,24.0,0.0,18.0,34.6,71.0,0,2018,0.018663734
664000.0,HammerHelm,2021-04-29,15500.0,5.0,5.0,Action,1.0,31.0,Action,11.0,0.0,0.0,,mostly positive,single only,238.0,51.0,2.6,98.0,88.7,289.0,0,2021,0.03333646
664030.0,Time To Walk Alone,2017-06-30,1100.0,6.0,6.0,Casual,0.0,0.0,Indie,1.0,0.0,0.0,,1 user reviews,single only,2.0,1.0,,,,3.0,0,2017,0.029034674
664090.0,Eternity Warriors™ VR,2017-09-18,16000.0,5.0,5.0,Action,0.0,63.0,VR,8.0,0.0,0.0,,mostly positive,single and multi,255.0,56.0,2.0,412.0,91.7,311.0,0,2017,0.07719958
664180.0,Draw Puzzle 画之谜,2017-08-04,5500.0,6.0,2.0,Casual,0.0,272.0,Casual,15.0,0.0,0.0,,overwhelmingly positive,single only,773.0,15.0,4.0,297.0,94.0,788.0,1,2017,0.99867904
664420.0,Girls and Quiz,2017-07-12,2200.0,6.0,6.0,Casual,0.0,14.0,Indie,4.0,0.0,1.0,,mixed,single only,11.0,10.0,0.0,3.0,93.9,21.0,0,2017,0.21803132
664570.0,My Personal Angel,2017-07-22,10500.0,6.0,6.0,Adventure,0.0,9.0,Adventure,2.0,0.0,0.0,,2 user reviews,,11.0,13.0,0.1,4.0,62.7,24.0,0,2017,0.026576519
664610.0,Gelu,2017-07-12,1100.0,5.0,5.0,Casual,0.0,40.0,Casual,1.0,0.0,0.0,,mostly positive,single only,89.0,24.0,,,78.9,113.0,0,2017,0.035191745
664620.0,Pink Rage Otome,2017-07-28,1100.0,6.0,6.0,Adventure,0.0,78.0,Indie,2.0,0.0,0.0,,mixed,single only,31.0,23.0,,,87.3,54.0,0,2017,0.1588893
664750.0,Wrongworld,2018-05-11,15500.0,5.0,5.0,Action,0.0,62.0,Open World Survival Craft,5.0,0.0,0.0,,very positive,single only,398.0,24.0,,,80.2,422.0,0,2018,0.80464303
664830.0,Zombotron,2019-04-23,15500.0,6.0,6.0,Action,0.0,8.0,Action,6.0,0.0,0.0,very positive,very positive,single only,1787.0,219.0,14.1,195.0,57.1,2006.0,1,2019,0.9156724
664850.0,8-bit Adventure Anthology: Volume I,2017-10-31,8500.0,6.0,6.0,Adventure,0.0,18.0,Adventure,1.0,0.0,0.0,,positive,single only,45.0,4.0,0.1,6.0,33.6,49.0,0,2017,0.93912363
665060.0,Triangulate,2017-08-12,2200.0,6.0,6.0,Casual,0.0,10.0,Strategy,1.0,0.0,0.0,,2 user reviews,single only,1.0,1.0,,,22.7,2.0,0,2017,0.31334358
665090.0,The Initial,2017-07-18,10500.0,5.0,5.0,Action,0.0,20.0,Action,4.0,0.0,1.0,,mostly positive,single only,1452.0,447.0,0.2,251.0,98.2,1899.0,1,2017,0.9216958
665120.0,Jetman Go,2017-11-10,2200.0,6.0,6.0,Action,0.0,18.0,Action,2.0,0.0,0.0,,very positive,single and multi,141.0,35.0,,,36.8,176.0,0,2017,0.9552269
665270.0,弹幕音乐绘 ～风雷幻奏曲～ / Barrage Musical ~A Fantasy of Tempest~,2017-10-07,10500.0,5.0,5.0,Action,0.0,29.0,Indie,4.0,0.0,0.0,,very positive,single only,315.0,11.0,,,90.9,326.0,0,2017,0.9331275
665340.0,Ancient Amuletor VR,2017-12-20,21000.0,6.0,6.0,Action,0.0,0.0,Action,4.0,0.0,0.0,,positive,single only,19.0,2.0,,,,21.0,0,2017,0.8032687
665350.0,Mayhem Above,2017-08-14,7500.0,6.0,6.0,Action,0.0,13.0,Action,1.0,0.0,1.0,,8 user reviews,single and multi,8.0,1.0,0.0,1.0,53.9,9.0,0,2017,0.45202586
665360.0,Comedy Night,2017-08-25,5500.0,5.0,5.0,Casual,0.0,0.0,Memes,14.0,0.0,0.0,,mostly positive,multi only,5903.0,1964.0,16.1,1081.0,,7867.0,1,2017,0.76989824
665370.0,Mutilate-a-Doll 2,2019-03-02,9500.0,5.0,5.0,Casual,0.0,0.0,Sandbox,1.0,0.0,0.0,very positive,very positive,single only,1232.0,84.0,29.5,98.0,,1316.0,1,2019,0.93800485
665490.0,The Monster Inside,2017-08-01,0.0,5.0,5.0,Free to Play,0.0,7.0,Free to Play,1.0,0.0,0.0,very positive,very positive,single only,1309.0,182.0,,,56.2,1491.0,1,2017,0.97455055
665510.0,Vengeance: Lost Love,2016-07-04,6500.0,2.0,6.0,Adventure,0.0,0.0,Adventure,1.0,0.0,0.0,,mixed,single only,18.0,31.0,,,,49.0,0,2016,0.05093783
665590.0,DOG GONE GOLFING,2017-08-26,5500.0,5.0,5.0,Casual,0.0,70.0,Sports,1.0,0.0,0.0,,positive,single only,33.0,9.0,,,34.8,42.0,0,2017,0.03624949
665740.0,Book Of Potentia 2,2017-07-22,0.0,6.0,6.0,Free to Play,0.0,0.0,Free to Play,1.0,0.0,0.0,,mostly positive,single only,79.0,28.0,,,,107.0,0,2017,0.061472714
665890.0,Jay Fighter: Remastered,2017-12-02,0.0,6.0,6.0,Action,0.0,0.0,Free to Play,1.0,0.0,0.0,,mostly positive,single and multi,156.0,55.0,,,,211.0,0,2017,0.24352238
665960.0,Lobster Empire,2017-12-18,10500.0,5.0,5.0,Indie,0.0,30.0,Farming Sim,8.0,0.0,0.0,,mixed,single only,21.0,21.0,0.0,31.0,47.2,42.0,0,2017,0.038332373
666050.0,Rescue Team 7,2017-05-14,7500.0,4.0,4.0,Adventure,0.0,38.0,Casual,4.0,0.0,0.0,,positive,single only,34.0,3.0,2.2,18.0,92.1,37.0,0,2017,0.19236422
666140.0,My Time At Portia,2019-01-15,31000.0,2.0,1.0,Adventure,0.0,91.0,RPG,12.0,0.0,1.0,very positive,very positive,single only,34923.0,2741.0,1963.0,13265.0,89.9,37664.0,1,2019,0.70782435
666150.0,Prehistoric Kingdom,2022-04-28,31000.0,6.0,3.0,Indie,1.0,0.0,Dinosaurs,1.0,0.0,0.0,very positive,very positive,single only,956.0,221.0,65.1,2520.0,,1177.0,1,2022,0.0005287528
666220.0,CS2D,2004-12-24,0.0,6.0,6.0,Action,0.0,66.0,Free to Play,21.0,0.0,0.0,very positive,very positive,single only,7371.0,824.0,29.2,1381.0,28.8,8195.0,1,2004,0.5449261
666250.0,Equalizer,2017-08-11,18500.0,5.0,5.0,Action,0.0,18.0,Action,2.0,0.0,0.0,,mixed,single only,35.0,47.0,0.0,6.0,59.8,82.0,0,2017,0.22789115
666260.0,Formless Adventure,2017-07-21,1100.0,6.0,6.0,Adventure,0.0,15.0,Indie,1.0,0.0,0.0,,mostly negative,single only,17.0,15.0,,,25.3,32.0,0,2017,0.014401108
666290.0,Virus Z,2017-06-23,3300.0,6.0,6.0,Action,0.0,0.0,Action,1.0,0.0,0.0,,9 user reviews,single only,37.0,26.0,,,,63.0,0,2017,0.08802888
666310.0,Space of Darkness,2017-07-15,0.0,6.0,6.0,Action,0.0,10.0,Adventure,1.0,0.0,0.0,,mixed,single only,45.0,53.0,,,77.4,98.0,0,2017,0.047321767
666330.0,Inertia,2017-12-02,1100.0,5.0,5.0,Action,0.0,24.0,Casual,1.0,0.0,0.0,,very positive,single only,475.0,85.0,1.4,18.0,93.9,560.0,1,2017,0.21321762
666570.0,Infectonator 3: Apocalypse,2018-05-11,13500.0,2.0,3.0,Indie,0.0,41.0,Outbreak Sim,11.0,0.0,0.0,very positive,very positive,single only,640.0,139.0,9.3,401.0,97.8,779.0,1,2018,0.9999976
666610.0,Endless ATC,2015-12-11,6500.0,6.0,6.0,Casual,0.0,10.0,Immersive Sim,1.0,0.0,0.0,,very positive,single only,257.0,7.0,8.1,26.0,73.3,264.0,0,2015,0.8920686
666730.0,This Merchant Life,2019-09-06,11500.0,6.0,6.0,Indie,0.0,65.0,Strategy,1.0,0.0,0.0,,mostly positive,single only,118.0,36.0,,,70.4,154.0,0,2019,0.9981165
666860.0,Bit Heroes,2017-12-14,0.0,3.0,3.0,Adventure,0.0,21.0,Free to Play,5.0,0.0,0.0,very positive,very positive,single and multi,2031.0,476.0,178.4,947.0,84.7,2507.0,1,2017,0.28722957
666910.0,Malfunction,2017-07-28,1100.0,5.0,5.0,Action,0.0,31.0,Action,1.0,0.0,0.0,,4 user reviews,single only,5.0,1.0,0.0,2.0,50.4,6.0,0,2017,0.020452976
666940.0,Welcome Back To 2007,2018-05-09,2200.0,5.0,5.0,Action,0.0,2007.0,Indie,2.0,0.0,1.0,,mostly positive,single only,132.0,42.0,0.0,10.0,96.1,174.0,0,2018,0.21239069
666960.0,Cowboy's Adventure,2017-06-30,1100.0,3.0,3.0,Action,0.0,0.0,Indie,1.0,0.0,0.0,,mixed,single only,37.0,41.0,0.9,3.0,,78.0,0,2017,0.010733306
667040.0,Alicia Quatermain 2: The Stone of Fate,2018-07-03,3300.0,6.0,6.0,Casual,0.0,29.0,Indie,5.0,0.0,0.0,,positive,single only,64.0,5.0,0.8,14.0,91.2,69.0,0,2018,0.8712598
667130.0,Clumsy Fred,2017-07-14,1100.0,6.0,6.0,Casual,0.0,0.0,Indie,1.0,0.0,0.0,,mixed,single only,35.0,16.0,0.0,6.0,,51.0,0,2017,0.32153535
667160.0,Sphere Frustration,2017-07-14,0.0,6.0,6.0,Casual,0.0,9.0,Free to Play,1.0,0.0,1.0,,positive,single only,18.0,4.0,,,27.8,22.0,0,2017,0.6972909
667220.0,Ayo: A Rain Tale,2017-11-10,10500.0,6.0,6.0,Adventure,0.0,18.0,Indie,6.0,0.0,0.0,,mostly positive,single only,25.0,7.0,0.0,5.0,94.2,32.0,0,2017,0.027510911
667300.0,aMAZE 3D,2017-07-13,1100.0,3.0,3.0,Casual,0.0,0.0,Casual,1.0,0.0,0.0,,mixed,single only,69.0,54.0,,,,123.0,0,2017,0.06621304
667410.0,The Nose,2017-09-16,3300.0,6.0,6.0,Adventure,0.0,0.0,Gore,2.0,0.0,0.0,,2 user reviews,single only,1.0,2.0,,,,3.0,0,2017,0.039004385
667420.0,Redium,2017-11-11,2200.0,6.0,6.0,Action,0.0,11.0,Action,2.0,0.0,0.0,,mixed,single only,38.0,34.0,,,85.1,72.0,0,2017,0.12691
667530.0,Drunken Wrestlers 2,2019-04-01,0.0,6.0,6.0,Action,1.0,20.0,Early Access,2.0,0.0,1.0,very positive,very positive,,8067.0,906.0,78.2,688.0,73.4,8973.0,1,2019,0.9785473
667600.0,Sky Force Reloaded,2017-11-30,10500.0,5.0,5.0,Action,0.0,30.0,Shoot 'Em Up,12.0,0.0,1.0,very positive,very positive,single and multi,1592.0,107.0,22.7,330.0,46.6,1699.0,1,2017,0.65629107
667610.0,Ancient Cities,2020-12-17,51000.0,6.0,6.0,Adventure,1.0,19.0,City Builder,4.0,0.0,0.0,,,single only,454.0,352.0,26.1,539.0,4.8,806.0,0,2020,0.28998363
667820.0,Farmington Tales,2017-07-18,5500.0,6.0,6.0,Casual,0.0,0.0,Casual,1.0,0.0,0.0,,positive,single only,89.0,13.0,,,,102.0,0,2017,0.99999535
667870.0,MINDNIGHT,2017-08-05,0.0,5.0,5.0,Free to Play,0.0,87.0,Free to Play,1.0,0.0,1.0,very positive,very positive,,2481.0,455.0,6.4,415.0,69.7,2936.0,1,2017,0.53421384
667890.0,Dead Maze,2018-02-13,0.0,4.0,4.0,Action,0.0,26.0,Free to Play,12.0,0.0,0.0,mostly positive,mostly positive,multi only,3150.0,1089.0,105.3,3819.0,66.6,4239.0,1,2018,0.9608774
667970.0,VTOL VR,2017-08-04,32000.0,6.0,6.0,Action,0.0,0.0,Flight,4.0,0.0,1.0,overwhelmingly positive,overwhelmingly positive,single and multi,7256.0,176.0,353.3,1054.0,,7432.0,1,2017,0.33320138
668170.0,Incline,2017-10-10,0.0,6.0,6.0,Action,0.0,0.0,Racing,1.0,0.0,0.0,,mixed,single only,226.0,221.0,,,,447.0,0,2017,0.4785213
668210.0,Super Fancy Pants Adventure,2017-09-21,10500.0,3.0,3.0,Action,0.0,16.0,Action,7.0,0.0,0.0,very positive,very positive,single only,1177.0,117.0,7.0,168.0,84.6,1294.0,1,2017,0.8610594
668220.0,Breadwinner VR,2017-10-25,4400.0,6.0,6.0,Casual,0.0,0.0,Casual,1.0,0.0,0.0,,3 user reviews,single only,2.0,1.0,0.0,1.0,,3.0,0,2017,0.89543545
668350.0,Higurashi When They Cry Hou - Ch.6 Tsumihoroboshi,2018-06-15,8500.0,3.0,2.0,Adventure,0.0,15.0,Visual Novel,2.0,0.0,0.0,,very positive,single only,369.0,6.0,5.8,45.0,77.3,375.0,1,2018,0.116484225
668430.0,V-Racer Hoverbike,2018-04-13,20500.0,6.0,6.0,Action,0.0,0.0,Racing,5.0,0.0,0.0,,very positive,,205.0,23.0,,,,228.0,0,2018,0.07296476
668550.0,8Doors: Arum's Afterlife Adventure,2021-04-08,21000.0,2.0,2.0,Action,0.0,44.0,Action,9.0,0.0,1.0,mostly positive,mostly positive,single only,546.0,151.0,13.4,225.0,58.5,697.0,1,2021,0.28597128
668590.0,Omen Exitio: Plague,2018-03-05,10500.0,5.0,5.0,Adventure,0.0,50.0,Lovecraftian,3.0,0.0,1.0,,very positive,single only,375.0,46.0,1.0,123.0,43.6,421.0,0,2018,0.6246133
668630.0,Tricolour Lovestory,2017-09-21,2200.0,2.0,2.0,Adventure,0.0,70.0,Visual Novel,2.0,0.0,1.0,mostly positive,very positive,single only,21619.0,2996.0,109.6,2692.0,46.1,24615.0,1,2017,0.8511888
668770.0,Solarium,2017-06-29,0.0,6.0,6.0,Adventure,0.0,0.0,Free to Play,1.0,0.0,0.0,,mixed,single only,86.0,41.0,,,,127.0,0,2017,0.87591106
668890.0,Hiking Simulator 2017,2017-08-26,1100.0,5.0,5.0,Casual,0.0,0.0,Memes,1.0,0.0,0.0,,mixed,single only,32.0,35.0,0.0,2.0,,67.0,0,2017,0.036114573
669000.0,Six-ear Macaque,2017-10-14,1100.0,6.0,6.0,Indie,0.0,9.0,Strategy,2.0,0.0,0.0,,6 user reviews,single only,6.0,5.0,,,10.2,11.0,0,2017,0.08757681
669570.0,MicroSpy,2017-07-22,3300.0,6.0,6.0,Action,0.0,0.0,Action,1.0,0.0,0.0,,6 user reviews,single only,2.0,4.0,,,,6.0,0,2017,0.9639305
669580.0,The Ultimatest Battle,2017-09-12,0.0,6.0,6.0,Action,0.0,0.0,Free to Play,2.0,0.0,0.0,,mostly positive,,410.0,106.0,,,,516.0,1,2017,0.043388426
669660.0,Debris,2017-10-23,10500.0,6.0,6.0,Adventure,0.0,21.0,Walking Simulator,7.0,0.0,0.0,,mixed,single and multi,84.0,42.0,,,52.2,126.0,0,2017,0.9455803
669830.0,Asteroids Millennium,2017-08-07,8500.0,6.0,6.0,Action,0.0,10.0,Action,1.0,0.0,0.0,,positive,single only,21.0,6.0,,,46.5,27.0,0,2017,0.5508272
670160.0,D'LIRIUM,2017-08-25,5500.0,5.0,5.0,Action,0.0,55.0,Horror,10.0,0.0,1.0,,overwhelmingly positive,single only,817.0,41.0,1.6,77.0,32.9,858.0,1,2017,0.86371446
670260.0,Solace Crafting,2018-01-16,15500.0,6.0,6.0,Adventure,0.0,62.0,Open World Survival Craft,1.0,0.0,0.0,,very positive,single and multi,305.0,64.0,5.8,77.0,13.1,369.0,0,2018,0.00097456574
670290.0,Real Pool 3D - Poolians,2019-12-15,0.0,5.0,5.0,Action,0.0,0.0,Sports,15.0,0.0,0.0,very positive,mostly positive,single only,5524.0,1476.0,204.8,786.0,,7000.0,1,2019,0.6122879
670410.0,Citadale: The Legends Trilogy,2017-09-14,10500.0,6.0,6.0,Action,0.0,0.0,Action,1.0,0.0,1.0,,8 user reviews,single only,6.0,9.0,0.0,2.0,,15.0,0,2017,0.036312968
670430.0,Colorless Life,2017-07-10,2200.0,6.0,6.0,Action,0.0,0.0,Casual,2.0,0.0,0.0,,9 user reviews,single only,22.0,20.0,0.0,3.0,,42.0,0,2017,0.044479758
670440.0,Obscure - Challenge Your Mind™,2017-07-19,5500.0,6.0,6.0,Adventure,0.0,11.0,Casual,1.0,0.0,0.0,,no user reviews,single only,12.0,12.0,,,65.7,24.0,0,2017,0.33854795
670490.0,Rise of Man,2017-09-15,10500.0,6.0,6.0,Indie,0.0,0.0,Indie,2.0,0.0,0.0,,very negative,single only,27.0,113.0,,,,140.0,0,2017,0.04584256
670750.0,0°N 0°W,2018-03-02,5500.0,5.0,5.0,Adventure,0.0,0.0,Adventure,27.0,0.0,1.0,,very positive,single only,222.0,35.0,0.4,7.0,,257.0,0,2018,0.71996516
670820.0,Civitatem,2018-05-18,13500.0,5.0,5.0,Indie,0.0,0.0,Strategy,1.0,0.0,0.0,,mixed,single only,65.0,32.0,,,,97.0,0,2018,0.6246133
670850.0,Sokoban Land DX,2017-07-27,5500.0,5.0,5.0,Adventure,0.0,15.0,Casual,2.0,0.0,1.0,,positive,single and multi,14.0,3.0,0.0,4.0,76.7,17.0,0,2017,0.98496664
670900.0,NASCAR Heat 2,2017-09-13,13500.0,6.0,5.0,Racing,0.0,53.0,Racing,1.0,0.0,1.0,,mixed,single only,244.0,129.0,2.7,242.0,64.2,373.0,0,2017,0.6246133
670950.0,Band of Outlaws,2017-08-22,5500.0,6.0,6.0,Action,0.0,12.0,Action,1.0,0.0,0.0,,6 user reviews,single only,20.0,3.0,,,51.0,23.0,0,2017,0.037559688
671090.0,Oik Memory,2017-12-29,1100.0,4.0,4.0,Casual,0.0,500.0,Minimalist,29.0,0.0,0.0,,very positive,single only,160.0,24.0,,,82.2,184.0,0,2017,0.9745165
671170.0,Great eSports Manager,2017-08-16,10500.0,6.0,6.0,Casual,0.0,18.0,Casual,4.0,0.0,0.0,,very positive,single only,100.0,19.0,1.2,84.0,53.2,119.0,0,2017,0.927824
671260.0,GOKEN,2017-09-29,15500.0,6.0,6.0,Action,0.0,23.0,Action,2.0,0.0,1.0,,mixed,single only,54.0,24.0,,,36.2,78.0,0,2017,0.97753346
671440.0,Rise of Industry,2019-05-03,32000.0,4.0,4.0,Indie,0.0,27.0,Management,8.0,0.0,1.0,,mostly positive,single only,2745.0,884.0,51.4,1353.0,71.2,3629.0,1,2019,0.8943609
671510.0,DESOLATE,2019-01-18,25900.0,6.0,2.0,Action,0.0,72.0,Survival,9.0,0.0,1.0,,,single and multi,4816.0,2282.0,18.3,1778.0,55.7,7098.0,0,2019,0.08134112
671610.0,Warfork,2019-08-17,0.0,5.0,5.0,Action,1.0,36.0,Free to Play,18.0,0.0,1.0,very positive,very positive,,1364.0,164.0,6.7,287.0,0.1,1528.0,1,2019,0.0055687428
671620.0,Beast Battle Simulator,2018-02-23,10500.0,6.0,6.0,Action,0.0,0.0,Simulation,1.0,0.0,0.0,very positive,very positive,single only,812.0,132.0,9.1,137.0,,944.0,1,2018,0.85615623
671640.0,Deadburg,2022-03-16,8500.0,6.0,6.0,Action,0.0,20.0,Action,1.0,0.0,0.0,,very positive,single and multi,55.0,3.0,0.9,15.0,48.7,58.0,0,2022,0.6246133
671690.0,[MARS] Total Warfare,2018-12-01,0.0,6.0,6.0,Action,0.0,0.0,Free to Play,1.0,0.0,1.0,,mostly positive,,66.0,25.0,2.5,42.0,,91.0,0,2018,0.063590646
671720.0,Robin,2018-02-09,0.0,6.0,6.0,Casual,0.0,6.0,Free to Play,1.0,0.0,0.0,,very positive,single only,487.0,76.0,,,90.5,563.0,1,2018,0.66988754
671800.0,Run!ZombieFood!,2017-07-31,4400.0,6.0,6.0,Adventure,0.0,31.0,Casual,2.0,0.0,0.0,,very positive,single only,868.0,189.0,9.9,669.0,94.0,1057.0,1,2017,0.39803627
671900.0,Devoid of Shadows,2017-07-14,9500.0,6.0,6.0,Action,0.0,0.0,Action,8.0,0.0,0.0,,mixed,single only,120.0,73.0,,,,193.0,0,2017,0.030897409
671970.0,Junkyard Simulator,2021-10-13,17500.0,2.0,2.0,Simulation,1.0,48.0,Simulation,10.0,0.0,0.0,,,single only,523.0,412.0,16.7,1352.0,95.4,935.0,0,2021,0.0007905066
671980.0,Close Me,2017-08-10,1150.0,4.0,4.0,Adventure,0.0,0.0,Indie,26.0,0.0,1.0,,mostly positive,single only,79.0,22.0,,,,101.0,0,2017,0.89577687
672000.0,System Goose Overload,2017-08-04,0.0,5.0,5.0,Adventure,0.0,0.0,RPG,1.0,0.0,0.0,,very positive,single only,57.0,8.0,,,,65.0,0,2017,0.090835035
672130.0,Damned Hours,2017-10-03,1100.0,6.0,6.0,Action,0.0,44.0,Gore,2.0,0.0,0.0,,7 user reviews,single only,3.0,5.0,,,51.4,8.0,0,2017,0.9556278
672160.0,OldMaidGirl,2017-07-20,2200.0,6.0,6.0,Casual,0.0,0.0,Casual,4.0,0.0,1.0,,mostly positive,single only,53.0,22.0,0.0,6.0,,75.0,0,2017,0.06824425
672250.0,Plexus,2017-08-01,3300.0,6.0,6.0,Action,0.0,20.0,Action,5.0,0.0,0.0,,mixed,single only,18.0,7.0,0.0,2.0,88.5,25.0,0,2017,0.045751333
672290.0,Magic Forest,2017-09-01,2200.0,6.0,3.0,Adventure,0.0,0.0,Indie,2.0,0.0,0.0,,mostly positive,single only,26.0,10.0,,,,36.0,0,2017,0.994956
672630.0,Academia : School Simulator,2017-09-08,20000.0,6.0,1.0,Indie,1.0,140.0,Management,13.0,0.0,0.0,very positive,very positive,single only,1800.0,332.0,62.1,450.0,67.4,2132.0,1,2017,0.98567355
672640.0,War Robots VR: The Skirmish,2017-08-10,0.0,6.0,6.0,Action,0.0,0.0,Free to Play,1.0,0.0,0.0,,very positive,single only,588.0,137.0,0.8,100.0,,725.0,1,2017,0.97178566
672680.0,Call of War: World War 2,2017-10-21,0.0,5.0,5.0,Free to Play,0.0,156.0,Free to Play,14.0,0.0,1.0,very positive,,multi only,2502.0,1181.0,308.2,924.0,22.6,3683.0,0,2017,0.28704357
672710.0,Traffic Giant,2001-02-28,10500.0,6.0,4.0,Simulation,0.0,0.0,Simulation,3.0,0.0,0.0,,mostly positive,single only,72.0,25.0,4.2,28.0,,97.0,0,2001,0.9640985
672730.0,Find You,2017-09-05,0.0,6.0,6.0,Free to Play,0.0,7.0,Indie,1.0,0.0,0.0,,very positive,single only,359.0,19.0,1.1,126.0,61.5,378.0,0,2017,0.9422489
673000.0,High Hell,2017-10-24,10500.0,5.0,1.0,Action,0.0,21.0,Action,11.0,0.0,1.0,very positive,very positive,single only,1100.0,160.0,,,96.8,1260.0,1,2017,0.9998419
673070.0,The Ranger: Lost Tribe,2017-08-02,0.0,6.0,6.0,Action,0.0,0.0,Free to Play,2.0,0.0,0.0,,mostly positive,single only,282.0,71.0,,,,353.0,0,2017,0.9735143
673190.0,All-Star Fruit Racing,2018-07-13,15500.0,6.0,6.0,Action,0.0,45.0,Racing,11.0,0.0,1.0,,mostly positive,single only,136.0,55.0,,,31.3,191.0,0,2018,0.8828904
673210.0,Frontier Pilot Simulator,2021-12-07,26000.0,5.0,5.0,Adventure,1.0,22.0,Space Sim,5.0,0.0,1.0,,mixed,single only,517.0,227.0,4.5,127.0,29.9,744.0,0,2021,0.017936677
673220.0,Joumee The Hedgehog,2017-11-23,2200.0,6.0,6.0,Adventure,0.0,45.0,Indie,1.0,0.0,0.0,,mixed,single only,34.0,25.0,0.0,5.0,76.1,59.0,0,2017,0.03466147
673240.0,Room 54,2021-05-31,5500.0,6.0,6.0,Action,0.0,7.0,Survival Horror,2.0,0.0,1.0,,mixed,single only,46.0,29.0,0.2,3.0,69.5,75.0,0,2021,0.049776673
673260.0,Starblast,2017-11-08,10500.0,6.0,6.0,Action,0.0,27.0,Action,25.0,0.0,0.0,very positive,very positive,multi only,541.0,116.0,31.9,79.0,72.0,657.0,1,2017,0.9944972
673300.0,Alien Splatter Redux,2017-07-29,1100.0,6.0,6.0,Action,0.0,22.0,Action,1.0,0.0,0.0,,very positive,single only,118.0,9.0,,,83.7,127.0,0,2017,0.40088415
673450.0,Time Lock VR-1,2017-08-10,13000.0,6.0,6.0,Action,0.0,0.0,Puzzle,5.0,0.0,0.0,very positive,very positive,single only,393.0,137.0,,,,530.0,1,2017,0.022158295
673560.0,IOSoccer,2018-06-09,0.0,6.0,6.0,Free to Play,0.0,0.0,Free to Play,1.0,0.0,0.0,mostly positive,very positive,multi only,1364.0,304.0,113.2,1170.0,,1668.0,1,2018,0.97144115
673610.0,Airport CEO,2021-03-05,26000.0,5.0,5.0,Indie,1.0,36.0,Immersive Sim,12.0,0.0,1.0,very positive,very positive,single only,4941.0,884.0,216.2,2719.0,51.1,5825.0,1,2021,0.99164265
673620.0,Slizer Battle Management System,2018-05-08,0.0,6.0,6.0,Free to Play,0.0,0.0,Strategy,1.0,0.0,1.0,,mostly positive,single only,45.0,12.0,0.5,17.0,,57.0,0,2018,0.806575
673660.0,Neon Hardcore,2017-07-22,4400.0,5.0,5.0,Action,0.0,1500.0,Indie,27.0,0.0,0.0,,mostly positive,single only,93.0,57.0,0.9,13.0,59.9,150.0,0,2017,0.03290245
673750.0,Super Bunny Man,2017-09-01,16500.0,6.0,6.0,Action,0.0,0.0,Funny,1.0,0.0,0.0,very positive,very positive,single and multi,2915.0,427.0,102.2,660.0,,3342.0,1,2017,0.925259
673800.0,Zup! XS,2019-04-18,1100.0,4.0,4.0,Casual,0.0,97.0,Casual,29.0,0.0,0.0,very positive,very positive,single only,939.0,138.0,10.2,299.0,46.5,1077.0,1,2019,0.843755
673820.0,Master of ABC,2017-07-04,990.0,6.0,6.0,Adventure,0.0,674.0,Indie,2.0,0.0,0.0,,mixed,single only,14.0,13.0,,,31.6,27.0,0,2017,0.9433738
673880.0,"Warhammer 40,000: Mechanicus",2018-11-16,32000.0,4.0,4.0,Strategy,0.0,34.0,Warhammer 40K,7.0,0.0,1.0,very positive,very positive,single only,9337.0,796.0,195.1,2758.0,62.6,10133.0,1,2018,0.0021670759
673950.0,Farm Together,2018-10-12,20500.0,4.0,4.0,Casual,0.0,56.0,Agriculture,25.0,0.0,1.0,very positive,very positive,single and multi,16572.0,1030.0,2105.9,6843.0,91.6,17602.0,1,2018,0.14030156
674090.0,Sky Haven,2020-11-25,26000.0,6.0,6.0,Simulation,1.0,0.0,Simulation,7.0,0.0,0.0,,mostly positive,single only,553.0,162.0,12.2,651.0,,715.0,1,2020,0.05446151
674140.0,Bugsnax,2022-04-28,26000.0,5.0,5.0,Action,0.0,30.0,Psychological Horror,12.0,0.0,1.0,overwhelmingly positive,overwhelmingly positive,single only,1403.0,27.0,184.1,942.0,95.5,1430.0,1,2022,0.0074219108
674220.0,ClickBit,2017-12-03,2200.0,6.0,6.0,Casual,0.0,23.0,Indie,1.0,0.0,0.0,,mixed,single only,18.0,23.0,,,94.4,41.0,0,2017,0.6246133
674310.0,THE 2048,2017-07-12,1100.0,6.0,6.0,Indie,0.0,16.0,Puzzle,1.0,0.0,0.0,,very positive,single only,71.0,8.0,0.7,10.0,60.1,79.0,0,2017,0.44678074
674400.0,Einar,2017-07-20,0.0,6.0,6.0,Action,0.0,0.0,Free to Play,1.0,0.0,0.0,,mixed,single only,894.0,562.0,,,,1456.0,0,2017,0.0013720989
674440.0,Skipper - Puzzle Across The Sea,2017-10-18,4400.0,6.0,6.0,Casual,0.0,7.0,Indie,26.0,0.0,0.0,,positive,single only,44.0,5.0,,,80.0,49.0,0,2017,0.9380699
674450.0,Blind Witch -Peek Window-,2017-01-12,5500.0,6.0,6.0,Action,0.0,0.0,Action,1.0,0.0,0.0,,8 user reviews,single only,8.0,0.0,,,,8.0,0,2017,0.9726014
674500.0,Total Tank Simulator,2020-05-21,21000.0,2.0,2.0,Action,0.0,47.0,Strategy,12.0,0.0,1.0,very positive,mostly positive,single only,4320.0,1271.0,82.6,1545.0,99.4,5591.0,1,2020,0.9708746
674520.0,Fight'N Rage,2017-09-20,21000.0,6.0,6.0,Action,0.0,20.0,Beat 'em up,4.0,0.0,0.0,mostly positive,very positive,single and multi,2100.0,178.0,9.9,206.0,19.0,2278.0,1,2017,0.6721457
674570.0,Bear Football,2017-07-31,1100.0,6.0,6.0,Action,0.0,0.0,Action,1.0,0.0,0.0,,mostly positive,single and multi,72.0,31.0,,,,103.0,0,2017,0.28600526
674580.0,Fare Thee Well,2018-04-07,0.0,5.0,5.0,Free to Play,0.0,0.0,Free to Play,1.0,0.0,0.0,,very positive,single only,117.0,8.0,0.0,16.0,,125.0,0,2018,0.8556871
674690.0,Project Xandata,2022-03-22,0.0,6.0,6.0,Action,1.0,0.0,Early Access,8.0,0.0,0.0,,mixed,,73.0,36.0,2.6,159.0,,109.0,0,2022,0.030640215
674800.0,Tailwind,2017-07-29,2200.0,5.0,5.0,Adventure,0.0,9.0,Adventure,2.0,0.0,0.0,,9 user reviews,single only,24.0,4.0,,,65.2,28.0,0,2017,0.9945793
674930.0,Boyfriend Dungeon,2021-08-12,20500.0,3.0,3.0,Indie,0.0,36.0,Story Rich,7.0,0.0,1.0,very positive,very positive,single only,1413.0,132.0,17.9,1083.0,91.4,1545.0,1,2021,0.17799756
674940.0,Stick Fight: The Game,2017-09-28,5500.0,2.0,2.0,Action,0.0,28.0,Multiplayer,1.0,0.0,1.0,very positive,very positive,,91544.0,6127.0,918.4,5033.0,78.5,97671.0,1,2017,0.6246133
674960.0,Gods of the Fallen Land,2017-07-31,5500.0,6.0,6.0,Action,0.0,20.0,Strategy,1.0,0.0,0.0,,very positive,single only,91.0,19.0,,,68.4,110.0,0,2017,0.9316137
675010.0,MudRunner,2017-10-31,19800.0,4.0,2.0,Simulation,0.0,62.0,Offroad,9.0,0.0,1.0,very positive,very positive,single and multi,22147.0,2515.0,411.3,8509.0,45.5,24662.0,1,2017,0.6834285
675130.0,AEGYPTUS,2017-08-16,1100.0,6.0,6.0,Action,0.0,7.0,Adventure,1.0,0.0,0.0,,mixed,single only,15.0,19.0,,,82.3,34.0,0,2017,0.96023643
675170.0,303 Squadron: Battle of Britain,2018-09-01,21000.0,5.0,5.0,Action,0.0,51.0,Simulation,7.0,0.0,0.0,,mixed,single only,213.0,142.0,0.8,46.0,64.2,355.0,0,2018,0.9486643
675260.0,Batman: The Enemy Within - The Telltale Series,2017-08-09,15500.0,6.0,6.0,Adventure,0.0,30.0,Adventure,9.0,0.0,1.0,very positive,very positive,single only,5813.0,571.0,42.7,2024.0,89.0,6384.0,1,2017,0.72647864
675530.0,M1: A Death in the Desert,2017-08-09,3300.0,6.0,6.0,Action,0.0,19.0,Adventure,1.0,0.0,1.0,,2 user reviews,single only,22.0,8.0,,,70.6,30.0,0,2017,0.92895585
675630.0,Super POTUS Trump,2017-08-09,0.0,6.0,6.0,Casual,0.0,12.0,Free to Play,1.0,0.0,1.0,,mixed,single only,263.0,183.0,,,95.3,446.0,0,2017,0.022427678
675690.0,Tribal Wars,2020-11-12,0.0,6.0,6.0,Action,0.0,28.0,Strategy,21.0,0.0,0.0,,mostly positive,,346.0,117.0,43.3,498.0,24.8,463.0,0,2020,0.6246133
675720.0,Direct,2017-08-18,1100.0,5.0,5.0,Action,0.0,520.0,Casual,1.0,0.0,0.0,,mixed,single only,35.0,22.0,,,94.2,57.0,0,2017,0.027944297
675730.0,Katharsis,2017-08-26,5500.0,6.0,6.0,Adventure,0.0,18.0,Adventure,1.0,0.0,0.0,,mostly positive,single only,34.0,12.0,,,51.3,46.0,0,2017,0.43028873
675940.0,SpaceShot,2017-09-19,1100.0,6.0,6.0,Action,0.0,4896.0,Action,1.0,0.0,0.0,,very positive,single only,156.0,45.0,1.0,21.0,89.3,201.0,0,2017,0.2427097
675960.0,Matryoshka Strike,2017-09-12,2200.0,6.0,6.0,Action,0.0,16.0,Action,1.0,0.0,0.0,,mixed,single only,11.0,7.0,,,91.4,18.0,0,2017,0.6313653
675990.0,Questr,2017-10-27,3300.0,5.0,5.0,Casual,0.0,9.0,Choose Your Own Adventure,1.0,0.0,0.0,,mostly positive,single only,22.0,7.0,,,57.9,29.0,0,2017,0.040074974
676000.0,Bloody Mice,2017-08-20,1100.0,5.0,5.0,Action,0.0,7.0,Action,1.0,0.0,0.0,,mostly positive,single only,31.0,14.0,,,86.1,45.0,0,2017,0.9933538
676030.0,Eternal Starlight VR,2021-06-18,20500.0,6.0,6.0,Action,0.0,30.0,VR,6.0,0.0,0.0,,positive,single only,44.0,3.0,0.2,7.0,69.4,47.0,0,2021,0.9593204
676240.0,TAURONOS,2017-08-05,5500.0,6.0,5.0,Adventure,0.0,47.0,Horror,9.0,0.0,1.0,,positive,single only,50.0,4.0,,,92.6,54.0,0,2017,0.8571758
676420.0,SiNKR,2017-10-13,4400.0,5.0,5.0,Casual,0.0,10.0,Strategy,29.0,0.0,0.0,,very positive,single only,378.0,19.0,,,87.0,397.0,0,2017,0.99558115
676430.0,PUSH,2017-10-19,1100.0,5.0,5.0,Casual,0.0,0.0,Casual,27.0,0.0,0.0,,very positive,single only,498.0,73.0,0.5,11.0,,571.0,1,2017,0.9809916
676450.0,Double Memory,2017-09-19,1100.0,5.0,5.0,Casual,0.0,7.0,Card Game,1.0,0.0,0.0,,mostly positive,single only,20.0,8.0,,,84.8,28.0,0,2017,0.8694985
676490.0,Heroes of Civilizations,2017-08-29,0.0,6.0,6.0,Free to Play,0.0,12.0,Free to Play,6.0,0.0,1.0,,mostly negative,single only,14.0,39.0,,,6.4,53.0,0,2017,0.1264498
676500.0,Time Warpers,2020-01-17,20500.0,5.0,5.0,Action,1.0,115.0,Clicker,1.0,0.0,0.0,,very positive,single and multi,428.0,74.0,36.0,276.0,87.1,502.0,1,2020,0.005024433
679770.0,Dr. Cares - Pet Rescue 911,2017-09-21,13500.0,6.0,6.0,Adventure,0.0,21.0,Simulation,15.0,0.0,0.0,,very positive,single only,62.0,4.0,,,95.5,66.0,1,2017,0.9991366
683320.0,GRIS,2018-12-13,17500.0,1.0,1.0,Adventure,0.0,17.0,Beautiful,10.0,1.0,1.0,overwhelmingly positive,overwhelmingly positive,single only,54211.0,1923.0,151.5,1345.0,91.7,56134.0,1,2018,0.3624379
692890.0,Roboquest,2020-08-21,20500.0,6.0,6.0,Action,1.0,0.0,Early Access,1.0,0.0,1.0,very positive,very positive,single and multi,3580.0,211.0,185.9,605.0,,3791.0,1,2020,0.8913105
701380.0,El Tango de la Muerte,2018-04-25,5500.0,6.0,6.0,,0.0,0.0,Rhythm,10.0,0.0,1.0,,very positive,single only,221.0,4.0,,,,225.0,1,2018,0.9428678
729000.0,Wytchwood,2021-12-10,20500.0,5.0,4.0,Adventure,0.0,14.0,Story Rich,7.0,0.0,1.0,very positive,very positive,single only,1010.0,53.0,31.9,337.0,80.9,1063.0,1,2021,0.93971443
732690.0,FIVE NIGHTS AT FREDDY'S: HELP WANTED,2019-05-28,31000.0,5.0,6.0,Action,0.0,15.0,Horror,11.0,0.0,1.0,overwhelmingly positive,overwhelmingly positive,single only,8152.0,270.0,39.0,844.0,88.8,8422.0,1,2019,0.99316967
744190.0,Rusty Lake Paradise,2018-01-11,4400.0,1.0,1.0,Adventure,0.0,50.0,Puzzle,14.0,0.0,0.0,very positive,overwhelmingly positive,single only,3089.0,172.0,59.8,1124.0,90.4,3261.0,1,2018,0.022202224
752590.0,A Plague Tale: Innocence,2019-05-15,39800.0,6.0,2.0,Action,0.0,35.0,Story Rich,14.0,1.0,1.0,very positive,very positive,single only,41519.0,2756.0,470.3,4030.0,83.6,44275.0,1,2019,0.4623536
753640.0,Outer Wilds,2020-06-19,26000.0,2.0,2.0,Action,0.0,31.0,Exploration,13.0,0.0,1.0,overwhelmingly positive,overwhelmingly positive,single only,36030.0,1774.0,693.4,7936.0,32.1,37804.0,1,2020,0.9422962
758990.0,Ancient Warfare 3,2017-12-22,10500.0,6.0,6.0,Action,0.0,33.0,Action,1.0,0.0,0.0,very positive,very positive,single only,1702.0,105.0,70.5,174.0,83.8,1807.0,1,2017,0.6246133
774171.0,Muse Dash,2019-06-20,3200.0,6.0,6.0,Action,0.0,0.0,Music,5.0,0.0,1.0,overwhelmingly positive,overwhelmingly positive,single only,66278.0,4417.0,,,,70695.0,1,2019,0.18214303
787860.0,Farming Simulator 19,2018-11-20,19800.0,2.0,2.0,Simulation,0.0,23.0,Simulation,18.0,0.0,1.0,very positive,very positive,single and multi,58926.0,3778.0,4740.7,59234.0,58.0,62704.0,1,2018,0.76971483
801480.0,Agent A: A puzzle in disguise,2019-08-30,20500.0,4.0,4.0,Adventure,0.0,30.0,Puzzle,11.0,0.0,0.0,overwhelmingly positive,overwhelmingly positive,single only,2748.0,112.0,26.6,178.0,95.1,2860.0,1,2019,0.2916711
801630.0,UNDER NIGHT IN-BIRTH Exe:Late[cl-r],2018-08-21,41000.0,6.0,2.0,Action,0.0,44.0,2D Fighter,5.0,0.0,1.0,very positive,very positive,single only,2810.0,179.0,67.0,959.0,77.5,2989.0,1,2018,0.98435384
813630.0,Supraland,2019-04-05,20500.0,4.0,4.0,Action,0.0,98.0,Puzzle,16.0,0.0,1.0,very positive,overwhelmingly positive,single only,9310.0,435.0,114.6,1397.0,91.9,9745.0,1,2019,0.92330235
813780.0,Age of Empires II: Definitive Edition,2019-11-15,21000.0,1.0,1.0,Strategy,0.0,191.0,Strategy,15.0,0.0,1.0,overwhelmingly positive,very positive,single and multi,99084.0,5680.0,14745.8,38725.0,52.9,104764.0,1,2019,0.01454258
814380.0,Sekiro™: Shadows Die Twice - GOTY Edition,2019-03-22,59800.0,6.0,3.0,Action,0.0,34.0,Souls-like,13.0,1.0,0.0,very positive,very positive,single only,179638.0,9345.0,5988.7,124334.0,95.3,188983.0,1,2019,0.001783967
834530.0,Yakuza Kiwami,2019-02-20,22800.0,1.0,1.0,Action,0.0,55.0,Action,2.0,0.0,0.0,very positive,very positive,single only,12377.0,877.0,471.7,3406.0,87.2,13254.0,1,2019,0.9168756
837470.0,Untitled Goose Game,2020-09-24,20500.0,4.0,6.0,Action,0.0,25.0,Funny,14.0,0.0,0.0,overwhelmingly positive,overwhelmingly positive,single and multi,10731.0,478.0,311.9,1669.0,42.3,11209.0,1,2020,0.9999963
846030.0,ΔV: Rings of Saturn,2019-08-12,10500.0,5.0,5.0,Action,1.0,74.0,Early Access,14.0,0.0,1.0,very positive,overwhelmingly positive,single only,861.0,42.0,42.8,204.0,61.9,903.0,1,2019,0.7027162
846470.0,Moss,2018-02-27,31000.0,6.0,6.0,Action,0.0,38.0,Adventure,9.0,0.0,1.0,very positive,very positive,single only,2500.0,133.0,6.5,280.0,85.8,2633.0,1,2018,0.9987098
858210.0,Nova Drift,2019-03-27,15500.0,4.0,4.0,Action,1.0,19.0,Action Roguelike,9.0,0.0,1.0,overwhelmingly positive,overwhelmingly positive,single only,7824.0,262.0,333.4,1133.0,62.9,8086.0,1,2019,0.7867234
858260.0,Until You Fall,2020-10-27,26000.0,5.0,5.0,Action,1.0,47.0,VR,9.0,0.0,1.0,very positive,overwhelmingly positive,single only,2578.0,144.0,17.0,136.0,68.0,2722.0,1,2020,0.0016379654
865540.0,PLAYNE : The Meditation Game,2020-05-01,15500.0,5.0,5.0,Casual,0.0,40.0,Relaxing,1.0,0.0,1.0,,overwhelmingly positive,single only,949.0,35.0,8.1,36.0,74.4,984.0,1,2020,0.07082409
866140.0,Arise: A Simple Story,2020-12-04,23000.0,5.0,5.0,Adventure,0.0,34.0,3D Platformer,14.0,0.0,1.0,very positive,very positive,single and multi,385.0,17.0,3.9,22.0,70.3,402.0,1,2020,0.978281
866800.0,The Walking Dead: The Final Season,2018-08-14,20500.0,6.0,3.0,Adventure,0.0,48.0,Story Rich,9.0,0.0,0.0,very positive,very positive,single only,13094.0,760.0,61.6,4101.0,84.0,13854.0,1,2018,0.49875087
874260.0,The Forgotten City,2021-07-28,26000.0,4.0,3.0,Adventure,0.0,40.0,Adventure,8.0,0.0,1.0,overwhelmingly positive,overwhelmingly positive,single only,5667.0,182.0,61.1,585.0,,5849.0,1,2021,0.48867407
881100.0,Noita,2020-10-16,20500.0,4.0,4.0,Action,1.0,14.0,Physics,11.0,0.0,1.0,very positive,overwhelmingly positive,single only,43171.0,2063.0,1709.2,5183.0,66.8,45234.0,1,2020,0.0040385723
883710.0,Resident Evil 2,2019-01-25,45600.0,1.0,1.0,Action,0.0,44.0,Zombies,14.0,0.0,1.0,overwhelmingly positive,overwhelmingly positive,single only,107386.0,3171.0,1443.0,74024.0,94.7,110557.0,1,2019,0.9437127
885000.0,Synth Riders,2018-07-12,26000.0,5.0,5.0,Action,0.0,8.0,VR,7.0,0.0,1.0,very positive,very positive,single only,1066.0,79.0,18.2,129.0,1.4,1145.0,1,2018,0.9667374
885810.0,The Witch's House MV,2018-10-31,15500.0,6.0,2.0,Adventure,0.0,0.0,Horror,11.0,0.0,0.0,very positive,overwhelmingly positive,single only,1957.0,61.0,10.9,151.0,,2018.0,1,2018,0.6175946
892970.0,Valheim,2021-02-02,20500.0,2.0,2.0,Action,1.0,0.0,Open World Survival Craft,12.0,0.0,1.0,very positive,overwhelmingly positive,single and multi,337025.0,16222.0,15739.2,498478.0,,353247.0,1,2021,0.007243067
894020.0,Death's Door,2021-07-20,22000.0,4.0,1.0,Action,0.0,24.0,Action,10.0,0.0,1.0,very positive,very positive,single only,10426.0,645.0,235.2,3740.0,46.6,11071.0,1,2021,0.30516952
895870.0,Project Wingman,2020-12-02,26000.0,6.0,6.0,Action,0.0,40.0,Flight,8.0,0.0,1.0,very positive,very positive,single only,10352.0,623.0,209.2,2089.0,70.0,10975.0,1,2020,0.8004153
898580.0,Premium Bowling,2019-10-19,20500.0,6.0,6.0,Indie,0.0,99.0,Sports,9.0,0.0,0.0,,very positive,single only,288.0,15.0,4.5,29.0,69.0,303.0,1,2019,0.82093155
900270.0,Reventure,2019-06-04,8500.0,5.0,5.0,Adventure,0.0,101.0,Adventure,14.0,0.0,1.0,very positive,overwhelmingly positive,single only,6951.0,373.0,48.3,1303.0,84.0,7324.0,1,2019,0.9366603
909080.0,Cube Escape: Paradox,2018-09-20,0.0,1.0,1.0,Adventure,0.0,28.0,Puzzle,14.0,0.0,1.0,overwhelmingly positive,overwhelmingly positive,single only,6650.0,176.0,90.8,1828.0,77.7,6826.0,1,2018,0.001174748
914800.0,Coffee Talk,2020-01-30,13500.0,2.0,2.0,Adventure,0.0,24.0,Conversation,11.0,0.0,1.0,overwhelmingly positive,overwhelmingly positive,single only,5827.0,277.0,61.4,673.0,96.2,6104.0,1,2020,0.8442013
915310.0,SNKRX,2021-05-17,3300.0,4.0,4.0,Action,0.0,24.0,Action Roguelike,1.0,0.0,0.0,very positive,overwhelmingly positive,single only,3543.0,144.0,31.4,1723.0,95.8,3687.0,1,2021,0.9585976
927380.0,Yakuza Kiwami 2,2019-05-09,34000.0,1.0,1.0,Action,0.0,59.0,Action,2.0,0.0,1.0,very positive,overwhelmingly positive,single only,9762.0,458.0,384.9,3217.0,81.8,10220.0,1,2019,0.20245036
937570.0,Danmaku Amanojaku ~ Impossible Spell Card.,2014-05-11,11500.0,2.0,2.0,Action,0.0,0.0,Indie,1.0,0.0,0.0,,very positive,single only,132.0,2.0,,,,134.0,1,2014,0.83405423
939600.0,LOVE³ -Love Cube-,2019-07-26,10500.0,6.0,6.0,Casual,0.0,26.0,Sexual Content,4.0,0.0,1.0,very positive,very positive,single only,2192.0,121.0,15.8,377.0,98.2,2313.0,1,2019,0.9104378
941460.0,Death Trash,2021-08-05,21500.0,5.0,5.0,Action,1.0,14.0,Early Access,2.0,0.0,0.0,very positive,overwhelmingly positive,single and multi,2355.0,94.0,22.9,936.0,84.7,2449.0,1,2021,0.9564687
955740.0,Mini Healer,2020-04-24,8500.0,6.0,6.0,Action,1.0,0.0,Party-Based RPG,4.0,0.0,0.0,overwhelmingly positive,overwhelmingly positive,single only,1408.0,48.0,128.4,722.0,,1456.0,1,2020,0.8638303
960690.0,One Step From Eden,2020-03-26,20500.0,6.0,2.0,Action,0.0,35.0,Action Roguelike,13.0,0.0,1.0,very positive,very positive,single and multi,5821.0,373.0,85.3,2360.0,39.0,6194.0,1,2020,0.5563003
968350.0,Hotel Sowls,2019-12-31,5500.0,6.0,6.0,Adventure,1.0,39.0,Indie,3.0,0.0,1.0,,very positive,single only,451.0,14.0,,,98.1,465.0,1,2019,0.8403131
972660.0,Spiritfarer®: Farewell Edition,2020-08-18,31000.0,3.0,3.0,Adventure,0.0,39.0,Emotional,11.0,0.0,1.0,overwhelmingly positive,overwhelmingly positive,single and multi,20604.0,891.0,1450.7,4574.0,72.3,21495.0,1,2020,0.14799175
977950.0,A Dance of Fire and Ice,2019-01-25,6500.0,5.0,5.0,Indie,0.0,44.0,Rhythm,14.0,0.0,1.0,very positive,very positive,single only,39902.0,2662.0,1790.1,9247.0,80.7,42564.0,1,2019,0.75927514
990630.0,The Last Campfire,2021-10-07,15500.0,2.0,2.0,Adventure,0.0,22.0,Adventure,14.0,0.0,0.0,overwhelmingly positive,overwhelmingly positive,single only,2538.0,61.0,47.2,299.0,92.0,2599.0,1,2021,0.9978972
995460.0,Miracle Snack Shop,2018-12-26,10500.0,3.0,3.0,Casual,0.0,0.0,Dating Sim,3.0,0.0,1.0,,overwhelmingly positive,single only,2075.0,54.0,,,,2129.0,1,2018,0.63390577
1003590.0,Tetris® Effect: Connected,2021-08-18,41000.0,6.0,6.0,Casual,0.0,43.0,Casual,10.0,0.0,1.0,very positive,overwhelmingly positive,single and multi,3743.0,156.0,145.1,1253.0,82.3,3899.0,1,2021,0.68591684
1012880.0,60 Seconds! Reatomized,2019-07-26,10500.0,6.0,6.0,Adventure,0.0,60.0,Strategy,12.0,0.0,0.0,very positive,very positive,single only,7623.0,490.0,160.6,873.0,85.8,8113.0,1,2019,0.45193404
1016920.0,Unrailed!,2020-09-24,19500.0,5.0,2.0,Action,1.0,48.0,Open World Survival Craft,15.0,0.0,1.0,very positive,very positive,single and multi,12511.0,901.0,309.0,9651.0,45.6,13412.0,1,2020,0.07686296
1034940.0,Higurashi When They Cry Hou - Ch.7 Minagoroshi,2019-07-19,8500.0,3.0,2.0,Adventure,0.0,14.0,Adventure,2.0,0.0,0.0,very positive,very positive,single only,290.0,10.0,5.9,48.0,87.1,300.0,1,2019,0.8613619
1035850.0,Balancelot,2019-05-23,8500.0,6.0,6.0,Action,0.0,10.0,Indie,1.0,0.0,0.0,,very positive,single only,90.0,24.0,,,16.0,114.0,1,2019,0.9103217
1046030.0,ISLANDERS,2019-04-04,6500.0,4.0,4.0,Casual,0.0,26.0,Relaxing,12.0,0.0,0.0,very positive,overwhelmingly positive,single only,13434.0,681.0,62.2,1761.0,98.8,14115.0,1,2019,0.4356914
1046480.0,THE IDOLM@STER STARLIT SEASON,2021-10-14,64800.0,1.0,1.0,Simulation,0.0,47.0,Anime,1.0,0.0,1.0,very positive,overwhelmingly positive,single only,3247.0,139.0,117.5,6104.0,47.1,3386.0,1,2021,0.67135704
1046820.0,I'm on Observation Duty,2018-12-14,2200.0,4.0,4.0,Indie,0.0,8.0,Indie,5.0,0.0,0.0,very positive,very positive,single only,878.0,53.0,26.2,149.0,25.8,931.0,1,2018,0.44258317
1052990.0,A Monster's Expedition,2020-09-11,20500.0,4.0,4.0,Adventure,0.0,9.0,Puzzle,14.0,0.0,1.0,very positive,overwhelmingly positive,single only,842.0,35.0,12.8,250.0,83.9,877.0,1,2020,0.036655992
1056490.0,The World is Your Weapon,2019-06-28,10500.0,6.0,6.0,Action,0.0,0.0,Roguelike,5.0,0.0,0.0,,very positive,single only,495.0,15.0,,,,510.0,1,2019,0.96206534
1057090.0,Ori and the Will of the Wisps,2020-03-11,29900.0,2.0,1.0,Action,0.0,37.0,Beautiful,21.0,1.0,1.0,overwhelmingly positive,overwhelmingly positive,single only,86269.0,3149.0,1242.8,31224.0,84.3,89418.0,1,2020,0.50450635
1058830.0,Spin Rhythm XD,2019-10-22,20000.0,6.0,6.0,Action,1.0,42.0,Rhythm,11.0,0.0,1.0,very positive,overwhelmingly positive,single only,2382.0,77.0,34.6,309.0,34.6,2459.0,1,2019,0.06566915
1062090.0,Timberborn,2021-09-16,26000.0,6.0,6.0,Indie,1.0,0.0,Early Access,12.0,0.0,1.0,very positive,overwhelmingly positive,single only,11995.0,738.0,1706.5,12354.0,,12733.0,1,2021,0.64411503
1062160.0,Poly Bridge 2,2020-05-29,15500.0,4.0,4.0,Indie,0.0,22.0,Building,11.0,0.0,1.0,overwhelmingly positive,overwhelmingly positive,single only,4805.0,207.0,192.0,1852.0,82.6,5012.0,1,2020,0.05882454
1062520.0,Dinkum,2022-07-14,20500.0,6.0,6.0,Indie,1.0,0.0,Early Access,1.0,0.0,0.0,,overwhelmingly positive,single and multi,2616.0,141.0,5921.4,10307.0,,2757.0,1,2022,0.9999235
1078350.0,Ambrosia,2021-01-30,15500.0,1.0,1.0,Indie,0.0,0.0,Sexual Content,3.0,0.0,0.0,very positive,very positive,single only,1385.0,80.0,72.6,873.0,,1465.0,1,2021,0.9897189
1079260.0,Fireworks Mania - An Explosive Simulator,2020-12-18,12500.0,5.0,5.0,Action,0.0,0.0,Sandbox,17.0,0.0,0.0,overwhelmingly positive,overwhelmingly positive,single only,3043.0,94.0,102.8,764.0,,3137.0,1,2020,0.4387919
1080750.0,Mutazione,2019-09-19,20500.0,6.0,4.0,Adventure,0.0,20.0,Relaxing,15.0,0.0,1.0,very positive,overwhelmingly positive,single only,634.0,21.0,8.2,49.0,83.9,655.0,1,2019,0.9469279
1082430.0,Before Your Eyes,2021-04-08,10500.0,6.0,3.0,Adventure,0.0,11.0,Emotional,8.0,0.0,1.0,overwhelmingly positive,overwhelmingly positive,single only,8157.0,179.0,17.9,491.0,65.4,8336.0,1,2021,0.930019
1086410.0,Golf Around!,2020-12-05,5500.0,6.0,6.0,Casual,1.0,22.0,Sports,10.0,0.0,0.0,very positive,overwhelmingly positive,single only,837.0,42.0,13.1,211.0,85.4,879.0,1,2020,0.97673285
1088850.0,Marvel's Guardians of the Galaxy,2021-10-27,69800.0,6.0,1.0,Action,0.0,59.0,Story Rich,14.0,1.0,1.0,very positive,very positive,single only,21385.0,1096.0,368.0,9826.0,83.7,22481.0,1,2021,0.38707498
1092790.0,Inscryption,2021-10-20,22000.0,2.0,1.0,Adventure,0.0,40.0,Card Battler,12.0,0.0,1.0,overwhelmingly positive,overwhelmingly positive,single only,71523.0,2107.0,2003.1,17044.0,96.1,73630.0,1,2021,0.95921344
1100150.0,Touhou Chireiden ~ Subterranean Animism.,2008-08-16,15500.0,2.0,2.0,Action,0.0,0.0,Indie,1.0,0.0,0.0,very positive,very positive,single only,313.0,9.0,10.2,32.0,,322.0,1,2008,0.8134676
1100160.0,Touhou Seirensen ~ Undefined Fantastic Object.,2009-08-15,15500.0,2.0,2.0,Action,0.0,0.0,Indie,1.0,0.0,0.0,,very positive,single only,181.0,3.0,4.5,19.0,,184.0,1,2009,0.9017779
1104380.0,The Room VR: A Dark Matter,2020-03-26,31000.0,2.0,2.0,Adventure,0.0,6.0,Adventure,10.0,0.0,0.0,very positive,overwhelmingly positive,single only,2713.0,66.0,9.4,137.0,84.9,2779.0,1,2020,0.5257322
1111370.0,A Summer's End - Hong Kong 1986,2020-04-23,15500.0,6.0,6.0,Casual,0.0,0.0,Indie,3.0,0.0,1.0,very positive,overwhelmingly positive,single only,1217.0,38.0,7.6,86.0,,1255.0,1,2020,0.8649758
1113000.0,Persona 4 Golden,2020-06-14,19800.0,2.0,1.0,RPG,0.0,50.0,JRPG,4.0,0.0,0.0,very positive,overwhelmingly positive,single only,54753.0,1587.0,1916.8,29984.0,77.0,56340.0,1,2020,0.81228566
1123450.0,Chicory: A Colorful Tale,2021-06-11,20500.0,6.0,3.0,Adventure,0.0,33.0,Indie,7.0,0.0,1.0,overwhelmingly positive,overwhelmingly positive,single and multi,1832.0,39.0,41.5,313.0,93.7,1871.0,1,2021,0.9828323
1127400.0,Mindustry,2019-09-27,6500.0,6.0,6.0,Strategy,0.0,54.0,Base Building,18.0,0.0,0.0,very positive,overwhelmingly positive,single and multi,11086.0,405.0,573.0,2676.0,80.2,11491.0,1,2019,0.64260036
1127500.0,Mini Motorways,2021-07-20,10500.0,4.0,4.0,Casual,0.0,90.0,Casual,14.0,0.0,0.0,overwhelmingly positive,overwhelmingly positive,single only,13150.0,548.0,504.3,9914.0,98.6,13698.0,1,2021,0.17686611
1147560.0,Skul: The Hero Slayer,2021-01-21,20500.0,2.0,2.0,Action,1.0,60.0,Indie,11.0,0.0,1.0,very positive,very positive,single only,32488.0,2338.0,1572.3,18876.0,88.1,34826.0,1,2021,0.52934283
1150460.0,Summer Paws,2020-05-27,5500.0,5.0,5.0,Casual,0.0,23.0,Relaxing,15.0,0.0,0.0,,very positive,single only,289.0,11.0,,,94.4,300.0,1,2020,0.8885251
1156990.0,Return to Shironagasu Island,2020-03-03,5500.0,5.0,5.0,Adventure,0.0,6.0,Adventure,8.0,0.0,1.0,very positive,overwhelmingly positive,single only,1885.0,64.0,24.2,256.0,60.0,1949.0,1,2020,0.64995456
1158310.0,Crusader Kings III,2020-09-02,52000.0,2.0,1.0,RPG,0.0,97.0,Strategy,7.0,0.0,1.0,very positive,very positive,single only,71549.0,5376.0,13788.8,98474.0,33.2,76925.0,1,2020,0.558306
1167630.0,Teardown,2022-04-21,22500.0,6.0,6.0,Action,1.0,27.0,Destruction,1.0,0.0,0.0,very positive,overwhelmingly positive,single only,43905.0,1904.0,2077.7,8221.0,19.5,45809.0,1,2022,0.66703075
1172450.0,Carto,2020-10-27,0.0,6.0,2.0,Adventure,0.0,20.0,Indie,9.0,0.0,1.0,overwhelmingly positive,overwhelmingly positive,single only,4654.0,135.0,44.4,909.0,80.1,4789.0,1,2020,0.72478414
1173010.0,Flowers Blooming at the End of Summer,2021-02-26,0.0,5.0,4.0,Casual,0.0,9.0,Indie,1.0,0.0,1.0,very positive,overwhelmingly positive,single only,1109.0,46.0,,,95.4,1155.0,1,2021,0.022858322
1173770.0,FINAL FANTASY,2021-07-29,14900.0,1.0,1.0,RPG,0.0,24.0,JRPG,12.0,0.0,0.0,overwhelmingly positive,very positive,single only,3716.0,231.0,115.1,3064.0,82.3,3947.0,1,2021,0.011345267
1173790.0,FINAL FANTASY III,2021-07-29,21900.0,1.0,1.0,RPG,0.0,31.0,RPG,12.0,0.0,0.0,very positive,very positive,single only,1191.0,67.0,71.8,1770.0,88.9,1258.0,1,2021,0.00625363
1182620.0,Impostor Factory,2021-10-01,10500.0,2.0,2.0,Adventure,0.0,0.0,Indie,12.0,0.0,1.0,overwhelmingly positive,overwhelmingly positive,single only,7491.0,278.0,18.3,1089.0,,7769.0,1,2021,0.6246133
1195290.0,Moncage,2021-11-16,15500.0,6.0,2.0,Adventure,0.0,15.0,Puzzle,8.0,0.0,1.0,very positive,overwhelmingly positive,single only,3419.0,178.0,27.5,1942.0,69.2,3597.0,1,2021,0.99980015
1196590.0,Resident Evil Village,2021-05-07,48400.0,1.0,1.0,Action,0.0,49.0,Survival Horror,13.0,1.0,1.0,overwhelmingly positive,overwhelmingly positive,single only,73907.0,3145.0,1227.2,106631.0,90.2,77052.0,1,2021,0.40559724
1206560.0,WorldBox - God Simulator,2021-12-03,20500.0,6.0,6.0,Indie,1.0,53.0,Early Access,27.0,0.0,0.0,very positive,very positive,single only,11397.0,737.0,1633.4,5139.0,43.6,12134.0,1,2021,0.9230753
1210030.0,노베나 디아볼로스,2020-04-27,19500.0,6.0,6.0,Adventure,0.0,70.0,Simulation,1.0,0.0,1.0,very positive,very positive,single only,1282.0,80.0,13.4,528.0,96.4,1362.0,1,2020,0.92664576
1210320.0,Potion Craft: Alchemist Simulator,2021-09-22,15500.0,6.0,2.0,Indie,1.0,0.0,Early Access,14.0,0.0,0.0,very positive,very positive,single only,11619.0,823.0,353.2,7010.0,,12442.0,1,2021,0.944556
1211020.0,Wobbly Life,2020-07-09,14500.0,5.0,5.0,Action,1.0,40.0,Adventure,1.0,0.0,0.0,overwhelmingly positive,overwhelmingly positive,single and multi,7583.0,246.0,1013.6,2895.0,87.6,7829.0,1,2020,0.98798454
1213230.0,Rain on Your Parade,2021-04-15,15500.0,5.0,5.0,Action,0.0,33.0,Relaxing,11.0,0.0,1.0,,very positive,single only,538.0,10.0,3.3,95.0,98.8,548.0,1,2021,0.40088415
1215390.0,Animal Revolt Battle Simulator,2022-04-16,16000.0,5.0,5.0,Action,1.0,5.0,Sandbox,10.0,0.0,0.0,overwhelmingly positive,overwhelmingly positive,single only,3142.0,108.0,363.2,1034.0,23.3,3250.0,1,2022,0.86345196
1217060.0,Gunfire Reborn,2021-11-18,20500.0,6.0,6.0,Action,1.0,102.0,FPS,17.0,0.0,0.0,very positive,very positive,single and multi,70416.0,4038.0,3529.3,35002.0,97.8,74454.0,1,2021,0.30548155
1217390.0,Some Some Convenience Store,2020-01-15,15000.0,3.0,3.0,Adventure,0.0,25.0,Dating Sim,2.0,0.0,1.0,very positive,overwhelmingly positive,single only,2635.0,99.0,8.3,763.0,98.9,2734.0,1,2020,0.8577305
1227890.0,Summer Memories,2020-06-15,20500.0,1.0,1.0,Adventure,0.0,0.0,Sexual Content,3.0,0.0,1.0,very positive,very positive,single only,7902.0,583.0,261.2,4903.0,,8485.0,1,2020,0.0020777285
1235140.0,Yakuza: Like a Dragon,2020-11-11,59800.0,6.0,1.0,Action,0.0,63.0,RPG,11.0,0.0,1.0,very positive,overwhelmingly positive,single only,16186.0,620.0,1308.1,9508.0,85.9,16806.0,1,2020,0.9756874
1237970.0,Titanfall® 2,2016-10-28,33000.0,2.0,1.0,Action,0.0,50.0,FPS,10.0,0.0,1.0,overwhelmingly positive,very positive,single only,115367.0,6456.0,3768.0,27547.0,73.3,121823.0,1,2016,0.6246133
1239080.0,Door Kickers 2: Task Force North,2020-11-04,26000.0,4.0,4.0,Action,1.0,0.0,Strategy,1.0,0.0,0.0,very positive,overwhelmingly positive,single and multi,5471.0,173.0,324.2,900.0,,5644.0,1,2020,0.13485396
1239690.0,Retrowave,2022-05-07,3300.0,4.0,4.0,Action,1.0,44.0,Racing,11.0,0.0,1.0,overwhelmingly positive,overwhelmingly positive,single only,7602.0,397.0,68.1,638.0,61.2,7999.0,1,2022,0.88062733
1256670.0,Library Of Ruina,2021-08-11,31000.0,2.0,2.0,Indie,1.0,76.0,Strategy,4.0,0.0,1.0,overwhelmingly positive,very positive,single only,13325.0,1002.0,1350.4,7211.0,82.7,14327.0,1,2021,0.02405098
1257410.0,Cat in the Box,2020-05-01,7500.0,5.0,5.0,Adventure,0.0,8.0,RPGMaker,6.0,0.0,1.0,very positive,very positive,single only,823.0,43.0,3.2,41.0,77.6,866.0,1,2020,0.40088415
1261960.0,STRIKERS 1945,2020-04-30,10500.0,4.0,4.0,Action,0.0,32.0,Action,4.0,0.0,0.0,,very positive,single and multi,105.0,6.0,0.9,21.0,93.0,111.0,1,2020,0.44239897
1265820.0,Fights in Tight Spaces,2021-12-03,26000.0,6.0,5.0,Action,1.0,40.0,Strategy,7.0,0.0,1.0,very positive,very positive,single only,1838.0,119.0,86.4,1449.0,62.1,1957.0,1,2021,0.6246133
1279380.0,STRIKERS 1945 II,2020-05-29,10500.0,4.0,4.0,Action,0.0,31.0,Action,4.0,0.0,0.0,,very positive,single and multi,62.0,3.0,,,81.5,65.0,1,2020,0.8499155
1281790.0,SHEEPO,2020-08-27,10500.0,5.0,5.0,Action,0.0,18.0,Metroidvania,1.0,0.0,1.0,,very positive,single only,166.0,2.0,,,82.2,168.0,1,2020,0.006383449
1282730.0,Loop Hero,2021-03-05,18000.0,6.0,1.0,Indie,0.0,50.0,Tactical,13.0,0.0,1.0,very positive,very positive,single only,26959.0,1817.0,769.5,51078.0,97.8,28776.0,1,2021,0.15783459
1284190.0,The Planet Crafter,2022-03-25,20500.0,4.0,4.0,Adventure,1.0,23.0,Open World Survival Craft,10.0,0.0,0.0,overwhelmingly positive,overwhelmingly positive,single only,10819.0,414.0,1027.7,14237.0,93.8,11233.0,1,2022,0.40793526
1286280.0,Pronty,2021-11-19,18500.0,5.0,5.0,Action,0.0,44.0,Metroidvania,8.0,0.0,1.0,very positive,very positive,single only,465.0,21.0,7.3,114.0,82.0,486.0,1,2021,0.0066168904
1290000.0,PowerWash Simulator,2022-07-15,29800.0,6.0,1.0,Casual,1.0,40.0,Simulation,9.0,0.0,0.0,overwhelmingly positive,overwhelmingly positive,single and multi,22888.0,539.0,3232.5,10503.0,23.1,23427.0,1,2022,0.6756445
1295510.0,DRAGON QUEST® XI S: Echoes of an Elusive Age™ - Definitive Edition,2020-12-05,49800.0,1.0,1.0,Adventure,0.0,57.0,JRPG,9.0,0.0,0.0,overwhelmingly positive,very positive,single only,5360.0,309.0,751.0,4752.0,92.5,5669.0,1,2020,0.75019884
1296840.0,The Spike,2020-06-05,5500.0,6.0,4.0,Action,0.0,21.0,Sports,5.0,0.0,1.0,very positive,very positive,single and multi,1002.0,57.0,80.3,236.0,91.9,1059.0,1,2020,0.33069283
1299120.0,Mosaique Neko Waifus 2,2020-06-05,2200.0,2.0,2.0,Casual,0.0,100.0,Hentai,10.0,0.0,1.0,very positive,overwhelmingly positive,single only,1841.0,84.0,24.6,722.0,73.9,1925.0,1,2020,0.48815966
1303950.0,Toodee and Topdee,2021-08-05,20500.0,5.0,5.0,Action,0.0,20.0,Controller,10.0,0.0,1.0,,very positive,single and multi,410.0,15.0,4.6,104.0,67.2,425.0,1,2021,0.9453256
1310990.0,Bishojo Mangekyo Kotowari to Meikyu no Shojo,2021-06-20,19000.0,2.0,2.0,Adventure,0.0,0.0,FPS,1.0,0.0,0.0,very positive,overwhelmingly positive,single only,2184.0,86.0,22.4,703.0,,2270.0,1,2021,0.97424996
1318690.0,shapez,2020-06-07,13000.0,5.0,5.0,Casual,1.0,45.0,Automation,24.0,0.0,1.0,very positive,overwhelmingly positive,single only,7732.0,219.0,409.6,2582.0,70.8,7951.0,1,2020,0.8567538
1328350.0,Turbo Overkill,2022-04-22,20500.0,6.0,4.0,Action,1.0,0.0,Action,1.0,0.0,0.0,very positive,very positive,single only,816.0,46.0,21.5,307.0,,862.0,1,2022,0.9547368
1332010.0,Stray,2022-07-20,35000.0,2.0,2.0,Adventure,0.0,24.0,Cats,16.0,0.0,1.0,,overwhelmingly positive,single only,37649.0,863.0,33242.1,51455.0,93.6,38512.0,1,2022,0.6246133
1335560.0,UNREAL LIFE,2020-11-20,20500.0,6.0,6.0,Adventure,0.0,64.0,Adventure,9.0,0.0,1.0,very positive,overwhelmingly positive,single only,653.0,23.0,14.4,71.0,89.4,676.0,1,2020,0.6246133
1337010.0,Alba: A Wildlife Adventure,2020-12-11,17500.0,4.0,4.0,Adventure,0.0,9.0,Casual,14.0,0.0,0.0,overwhelmingly positive,overwhelmingly positive,single only,3082.0,68.0,17.5,192.0,96.3,3150.0,1,2020,0.8428839
1337530.0,Maskmaker,2021-04-20,20500.0,5.0,4.0,Adventure,0.0,11.0,VR,3.0,0.0,0.0,,very positive,single only,163.0,10.0,,,85.3,173.0,1,2021,0.9847826
1345820.0,Ragnarock,2021-07-16,26000.0,5.0,5.0,Casual,1.0,11.0,Rhythm,11.0,0.0,1.0,very positive,overwhelmingly positive,single only,2110.0,111.0,30.2,128.0,19.8,2221.0,1,2021,0.87648517
1348700.0,Spice&Wolf VR2,2020-12-10,26000.0,6.0,6.0,Casual,0.0,6.0,VR,4.0,0.0,0.0,very positive,very positive,single only,402.0,10.0,,,83.6,412.0,1,2020,0.9563806
1354910.0,Tiny Lands,2021-01-22,7500.0,6.0,6.0,Casual,0.0,13.0,Casual,13.0,0.0,0.0,very positive,very positive,single only,595.0,36.0,7.8,123.0,93.3,631.0,1,2021,0.98558015
1357870.0,Metel - Horror Escape,2020-09-01,2200.0,6.0,6.0,Action,1.0,0.0,Indie,2.0,0.0,0.0,very positive,very positive,single only,285.0,17.0,14.8,48.0,,302.0,1,2020,0.9306936
1359980.0,POSTAL: Brain Damaged,2022-06-10,20500.0,4.0,2.0,Action,0.0,26.0,Funny,2.0,0.0,1.0,overwhelmingly positive,overwhelmingly positive,single only,2416.0,91.0,110.2,735.0,70.6,2507.0,1,2022,0.6484625
1364100.0,Lacuna – A Sci-Fi Noir Adventure,2021-05-20,16500.0,5.0,3.0,Adventure,0.0,25.0,Interactive Fiction,7.0,0.0,1.0,very positive,very positive,single only,1077.0,65.0,8.2,211.0,30.3,1142.0,1,2021,0.5344581
1366540.0,Dyson Sphere Program,2021-01-21,20500.0,5.0,2.0,Indie,1.0,100.0,Space,2.0,0.0,1.0,overwhelmingly positive,overwhelmingly positive,single only,62235.0,1426.0,3952.3,59339.0,37.0,63661.0,1,2021,0.955694
1369630.0,ENDER LILIES: Quietus of the Knights,2021-06-21,26500.0,6.0,4.0,Action,1.0,38.0,Metroidvania,11.0,0.0,1.0,very positive,overwhelmingly positive,single only,17313.0,847.0,503.8,6332.0,93.5,18160.0,1,2021,0.1595523
1379560.0,Steven Universe: Unleash the Light,2021-02-20,26000.0,6.0,4.0,Action,0.0,32.0,RPG,13.0,0.0,0.0,very positive,very positive,single only,390.0,13.0,23.1,110.0,90.9,403.0,1,2021,0.9905696
1385380.0,Across the Obelisk,2021-04-08,21000.0,6.0,6.0,Adventure,1.0,107.0,Early Access,1.0,0.0,0.0,overwhelmingly positive,very positive,single and multi,1834.0,115.0,402.2,1086.0,85.0,1949.0,1,2021,0.89744353
1385730.0,Mosaique Neko Waifus 3,2020-08-28,2200.0,2.0,2.0,Casual,0.0,100.0,Hentai,10.0,0.0,1.0,very positive,overwhelmingly positive,single only,1358.0,66.0,18.9,192.0,72.1,1424.0,1,2020,0.9885737
1388880.0,Doki Doki Literature Club Plus!,2021-07-01,15500.0,6.0,4.0,Casual,0.0,19.0,Psychological Horror,12.0,0.0,1.0,overwhelmingly positive,overwhelmingly positive,single only,15743.0,539.0,168.0,6912.0,59.4,16282.0,1,2021,0.57527107
1392820.0,Milk inside a bag of milk inside a bag of milk,2020-08-26,1100.0,6.0,6.0,Adventure,0.0,0.0,Visual Novel,10.0,0.0,1.0,overwhelmingly positive,overwhelmingly positive,single only,12189.0,338.0,18.5,70.0,,12527.0,1,2020,0.89640486
1399240.0,Yotsume God -Reunion-,2022-02-16,31000.0,6.0,6.0,Adventure,0.0,0.0,Adventure,4.0,0.0,0.0,very positive,very positive,single only,165.0,2.0,3.4,79.0,,167.0,1,2022,0.7254833
1406990.0,NEKOPARA Vol. 4,2020-11-27,10500.0,6.0,1.0,Adventure,0.0,19.0,Sexual Content,3.0,0.0,1.0,overwhelmingly positive,overwhelmingly positive,single only,7117.0,171.0,50.5,2512.0,90.1,7288.0,1,2020,0.956753
1420810.0,Touhou Kaeizuka ～ Phantasmagoria of Flower View.,2005-08-14,15500.0,6.0,6.0,Action,0.0,0.0,Action,1.0,0.0,0.0,,very positive,single only,98.0,0.0,3.0,87.0,,98.0,1,2005,0.3773877
1421790.0,Labyrinth City: Pierre the Maze Detective,2021-06-22,12500.0,6.0,5.0,Adventure,0.0,41.0,Adventure,10.0,0.0,0.0,very positive,overwhelmingly positive,single only,1439.0,45.0,15.8,535.0,49.0,1484.0,1,2021,0.53529376
1437820.0,Heroes of the Three Kingdoms,2020-11-13,1100.0,6.0,6.0,Action,0.0,0.0,Strategy,1.0,0.0,0.0,,very positive,single only,872.0,68.0,83.3,1557.0,,940.0,1,2020,0.8367367
1437830.0,Heroes of the Three Kingdoms 2,2020-11-13,1100.0,6.0,6.0,Action,0.0,0.0,Strategy,1.0,0.0,0.0,very positive,overwhelmingly positive,single only,1028.0,45.0,346.9,704.0,,1073.0,1,2020,0.84335667
1443430.0,Rogue,1985-06-01,3300.0,6.0,5.0,Adventure,0.0,0.0,Traditional Roguelike,1.0,0.0,0.0,,very positive,single only,289.0,12.0,,,,301.0,1,1985,0.7524171
1451940.0,NEEDY STREAMER OVERLOAD,2022-01-21,16500.0,4.0,4.0,Simulation,0.0,30.0,Psychological Horror,5.0,0.0,1.0,very positive,overwhelmingly positive,single only,12898.0,678.0,235.0,3627.0,80.0,13576.0,1,2022,0.91851664
1454400.0,Cookie Clicker,2021-09-02,5500.0,6.0,6.0,Casual,0.0,583.0,Clicker,13.0,0.0,1.0,overwhelmingly positive,overwhelmingly positive,single only,33457.0,871.0,12351.1,67806.0,99.7,34328.0,1,2021,0.13369781
1473050.0,100 hidden birds,2020-12-02,1100.0,4.0,4.0,Adventure,0.0,100.0,Casual,1.0,0.0,0.0,very positive,very positive,single only,314.0,16.0,,,100.0,330.0,1,2020,0.97946084
1476350.0,Brain Meltdown - Into Despair,2020-12-02,4400.0,6.0,6.0,Action,1.0,0.0,Indie,3.0,0.0,0.0,,very positive,single only,180.0,13.0,0.7,21.0,,193.0,1,2020,0.4087408
1477790.0,Luna's Fishing Garden,2021-06-17,8500.0,5.0,5.0,Adventure,0.0,14.0,Collectathon,9.0,0.0,1.0,very positive,overwhelmingly positive,single only,1014.0,46.0,5.9,172.0,90.9,1060.0,1,2021,0.97510165
1481080.0,DRAMAtical Murder,2021-04-07,20500.0,2.0,2.0,Adventure,0.0,18.0,LGBTQ+,2.0,0.0,0.0,very positive,overwhelmingly positive,single only,1137.0,43.0,36.5,263.0,91.8,1180.0,1,2021,0.5508536
1488200.0,Symphony of War: The Nephilim Saga,2022-06-11,20500.0,6.0,4.0,Adventure,0.0,19.0,RPG,1.0,0.0,1.0,overwhelmingly positive,overwhelmingly positive,single only,2360.0,76.0,815.8,3175.0,75.5,2436.0,1,2022,0.005531013
1499120.0,I Expect You To Die 2,2021-08-25,26000.0,6.0,6.0,Adventure,0.0,19.0,Puzzle,1.0,0.0,1.0,very positive,overwhelmingly positive,single only,769.0,29.0,13.4,210.0,84.5,798.0,1,2021,0.99483466
1504020.0,Mosaique Neko Waifus 4,2021-02-13,2200.0,2.0,2.0,Casual,0.0,101.0,Hentai,14.0,0.0,1.0,very positive,overwhelmingly positive,single only,3608.0,172.0,25.1,693.0,82.1,3780.0,1,2021,0.97727823
1510030.0,Knights College,2021-01-15,26000.0,6.0,6.0,Adventure,0.0,9.0,LGBTQ+,5.0,0.0,0.0,very positive,overwhelmingly positive,single only,1331.0,34.0,19.5,570.0,89.5,1365.0,1,2021,0.62355274
1522870.0,Supraland Six Inches Under,2022-01-14,20500.0,4.0,4.0,Adventure,0.0,53.0,Puzzle,15.0,0.0,0.0,very positive,overwhelmingly positive,single only,1579.0,45.0,70.2,1964.0,98.3,1624.0,1,2022,0.97654766
1522950.0,Dadish,2021-02-22,3300.0,6.0,6.0,Action,0.0,7.0,Action,1.0,0.0,0.0,very positive,very positive,single only,100.0,5.0,,,85.6,105.0,1,2021,0.9448689
1546860.0,Saiko no sutoka,2020-09-06,5500.0,6.0,6.0,Action,0.0,30.0,Horror,12.0,0.0,0.0,very positive,overwhelmingly positive,single only,1838.0,86.0,18.4,136.0,87.1,1924.0,1,2020,0.7467776
1557740.0,ROUNDS,2021-04-02,6500.0,2.0,2.0,Action,0.0,0.0,Multiplayer,1.0,0.0,0.0,overwhelmingly positive,overwhelmingly positive,,11017.0,521.0,570.0,1332.0,,11538.0,1,2021,0.6159859
1562700.0,SANABI,2022-06-21,15500.0,2.0,2.0,Action,1.0,0.0,Action,7.0,0.0,0.0,overwhelmingly positive,overwhelmingly positive,single only,786.0,19.0,48.9,413.0,,805.0,1,2022,0.85840595
1567440.0,inbento,2019-09-03,5500.0,5.0,5.0,Casual,0.0,15.0,Casual,15.0,0.0,0.0,,very positive,single only,99.0,4.0,,,94.8,103.0,1,2019,0.0014728606
1574580.0,Strange Horticulture,2022-01-21,15500.0,2.0,2.0,Adventure,0.0,18.0,Mystery,8.0,0.0,0.0,overwhelmingly positive,overwhelmingly positive,single only,3223.0,139.0,,,96.9,3362.0,1,2022,0.88729596
1584090.0,Touhou Mystia's Izakaya,2021-10-01,6300.0,6.0,6.0,Casual,1.0,141.0,Casual,4.0,0.0,1.0,overwhelmingly positive,overwhelmingly positive,single only,8751.0,367.0,472.9,1651.0,90.7,9118.0,1,2021,0.32442927
1593500.0,God of War,2022-01-15,45800.0,1.0,1.0,Action,0.0,37.0,Action,18.0,0.0,0.0,overwhelmingly positive,overwhelmingly positive,single only,51395.0,1615.0,4147.4,73529.0,90.4,53010.0,1,2022,0.81331885
1597730.0,Dogs Organized Neatly,2021-11-01,3300.0,4.0,4.0,Casual,0.0,20.0,Casual,21.0,0.0,0.0,very positive,very positive,single only,519.0,5.0,4.8,106.0,92.7,524.0,1,2021,0.04353094
1599880.0,Cats in Time,2021-08-27,5500.0,4.0,4.0,Adventure,0.0,24.0,Puzzle,12.0,0.0,0.0,very positive,very positive,single only,486.0,9.0,12.9,99.0,90.5,495.0,1,2021,0.9813975
1604000.0,Milk outside a bag of milk outside a bag of milk,2021-12-16,9500.0,6.0,6.0,Casual,0.0,10.0,Visual Novel,9.0,0.0,1.0,overwhelmingly positive,overwhelmingly positive,single only,5486.0,160.0,35.3,297.0,75.9,5646.0,1,2021,0.04003045
1618290.0,TRAIN CREW,2021-10-01,15500.0,6.0,6.0,Simulation,1.0,0.0,Simulation,4.0,0.0,0.0,very positive,very positive,single only,87.0,4.0,10.8,44.0,,91.0,1,2021,0.99077785
1621310.0,Atelier Sophie 2: The Alchemist of the Mysterious Dream,2022-02-25,69800.0,1.0,1.0,RPG,0.0,48.0,RPG,5.0,0.0,1.0,very positive,very positive,single only,1275.0,69.0,173.1,3604.0,93.8,1344.0,1,2022,0.99999535
1634150.0,Behind the Frame: The Finest Scenery,2021-08-25,13500.0,6.0,4.0,Adventure,0.0,19.0,Atmospheric,10.0,0.0,1.0,overwhelmingly positive,overwhelmingly positive,single only,3239.0,116.0,11.9,170.0,90.2,3355.0,1,2021,0.45612612
1641500.0,The Blind Of The New World,2021-05-28,10000.0,6.0,6.0,Casual,0.0,0.0,Casual,2.0,0.0,1.0,,very positive,single only,62.0,1.0,,,,63.0,1,2021,0.9796665
1642220.0,FIND ALL,2021-06-03,1100.0,5.0,5.0,Casual,0.0,33.0,Hidden Object,6.0,0.0,0.0,very positive,very positive,single only,252.0,7.0,0.9,9.0,94.8,259.0,1,2021,0.9896102
1674170.0,Sprocket,2021-08-27,20500.0,6.0,6.0,Action,1.0,0.0,Early Access,1.0,0.0,0.0,very positive,very positive,single only,4932.0,323.0,178.4,1936.0,,5255.0,1,2021,0.23779899
1687550.0,Bear's Restaurant,2021-10-07,13500.0,5.0,5.0,Adventure,0.0,5.0,Story Rich,14.0,0.0,1.0,very positive,very positive,single only,226.0,6.0,3.0,23.0,72.4,232.0,1,2021,0.9864948
1689910.0,Dōkyūsei: Bangin' Summer,2022-04-15,20500.0,6.0,2.0,Adventure,0.0,0.0,Dating Sim,4.0,0.0,1.0,very positive,overwhelmingly positive,single only,848.0,46.0,31.8,1276.0,,894.0,1,2022,0.9093393
1703340.0,The Stanley Parable: Ultra Deluxe,2022-04-28,26000.0,3.0,3.0,Adventure,0.0,11.0,Multiple Endings,6.0,0.0,1.0,very positive,very positive,single only,13339.0,907.0,360.4,6477.0,94.9,14246.0,1,2022,0.37828436
1706210.0,Reloader: test_subject,2022-01-14,1100.0,5.0,4.0,Action,0.0,13.0,Side Scroller,3.0,0.0,0.0,,very positive,single only,119.0,7.0,,,85.6,126.0,1,2022,0.85841787
1718870.0,Spaceflight Simulator,2022-02-18,12500.0,6.0,6.0,Indie,1.0,0.0,Sandbox,1.0,0.0,0.0,very positive,overwhelmingly positive,single only,1184.0,49.0,81.7,469.0,,1233.0,1,2022,0.9379248
1721170.0,What Lies in the Multiverse,2022-03-05,18000.0,5.0,5.0,Adventure,0.0,43.0,Puzzle Platformer,10.0,0.0,1.0,very positive,very positive,single only,189.0,4.0,1.9,41.0,92.6,193.0,1,2022,0.42044598
1722520.0,FIND ALL 2: Middle Ages,2022-03-03,2200.0,5.0,5.0,Casual,0.0,100.0,Hidden Object,4.0,0.0,0.0,very positive,very positive,single only,96.0,0.0,2.3,17.0,97.0,96.0,1,2022,0.599925
1725640.0,Sudocats,2022-03-15,2200.0,5.0,5.0,Casual,0.0,14.0,Casual,3.0,0.0,1.0,very positive,very positive,single only,131.0,2.0,5.5,21.0,96.4,133.0,1,2022,0.9933535
1730360.0,I'm on Observation Duty 4,2021-12-23,5500.0,4.0,4.0,Indie,0.0,8.0,Psychological Horror,1.0,0.0,0.0,very positive,very positive,single only,382.0,6.0,18.7,122.0,33.1,388.0,1,2021,0.97736377
1742610.0,Spirits of the Hellements - TD,2022-04-29,12500.0,6.0,6.0,Strategy,0.0,37.0,Strategy,1.0,0.0,0.0,very positive,very positive,single only,198.0,9.0,15.4,252.0,88.1,207.0,1,2022,0.86999625
1764390.0,BAD END THEATER,2021-10-27,10500.0,4.0,4.0,Simulation,0.0,48.0,Story Rich,17.0,0.0,1.0,overwhelmingly positive,overwhelmingly positive,single only,3228.0,80.0,13.7,149.0,98.4,3308.0,1,2021,0.7247078
1769170.0,Shattered Pixel Dungeon,2022-03-24,10500.0,6.0,6.0,Adventure,0.0,88.0,Traditional Roguelike,16.0,0.0,1.0,very positive,very positive,single only,456.0,23.0,32.0,339.0,87.4,479.0,1,2022,0.0013197958
1785000.0,Mokoko X,2022-04-07,10500.0,5.0,5.0,Action,0.0,73.0,Anime,12.0,0.0,1.0,,very positive,single only,81.0,5.0,,,91.4,86.0,1,2022,0.99623275
1786790.0,Magical Girl Celesphonia,2022-05-07,20500.0,1.0,1.0,Adventure,0.0,0.0,Sexual Content,3.0,0.0,0.0,overwhelmingly positive,overwhelmingly positive,single only,860.0,33.0,214.4,1583.0,,893.0,1,2022,0.8267008
1790490.0,Regular Factory: Escape Room,2022-04-14,10500.0,6.0,6.0,Adventure,0.0,5.0,Escape Room,12.0,0.0,1.0,,very positive,single only,75.0,1.0,4.0,37.0,86.9,76.0,1,2022,0.15758282
1802720.0,Sixtar Gate: STARTRAIL,2021-11-06,24900.0,6.0,5.0,Action,1.0,59.0,Action,3.0,0.0,1.0,very positive,very positive,single and multi,668.0,39.0,11.8,122.0,98.4,707.0,1,2021,0.8614391
1817000.0,Zodiacats,2022-01-22,2150.0,5.0,5.0,Casual,0.0,16.0,Cats,6.0,0.0,1.0,very positive,very positive,single only,105.0,0.0,3.2,11.0,81.1,105.0,1,2022,0.97342837
1817940.0,Love Delivery,2022-05-31,15500.0,6.0,6.0,Indie,1.0,24.0,Dating Sim,1.0,0.0,0.0,very positive,overwhelmingly positive,single only,1506.0,58.0,24.7,522.0,97.0,1564.0,1,2022,0.5383908
1819230.0,UDONGEIN X,2021-12-04,5500.0,6.0,6.0,Action,0.0,17.0,Action,3.0,0.0,0.0,,very positive,single only,141.0,5.0,,,18.8,146.0,1,2021,0.9148273
1829420.0,Before The Night,2022-07-15,14500.0,6.0,6.0,Action,0.0,0.0,Action,7.0,0.0,0.0,,very positive,single only,85.0,2.0,14.0,44.0,,87.0,1,2022,0.99999976
1832640.0,Mirror 2: Project X,2022-01-21,2200.0,6.0,6.0,Adventure,1.0,0.0,3D,6.0,0.0,1.0,mostly positive,very positive,single only,35503.0,2306.0,1260.7,33035.0,,37809.0,1,2022,0.49790695
1850550.0,I'm on Observation Duty 5,2022-05-14,10500.0,4.0,4.0,Indie,0.0,10.0,Horror,1.0,0.0,0.0,very positive,very positive,single only,222.0,9.0,30.8,217.0,92.9,231.0,1,2022,0.42659062
1871310.0,Hook 2,2022-06-30,2200.0,5.0,5.0,Casual,0.0,0.0,Puzzle,1.0,0.0,0.0,,very positive,single only,184.0,2.0,8.3,37.0,,186.0,1,2022,0.9836345
1890520.0,Tide Up,2022-03-11,8500.0,5.0,5.0,Adventure,0.0,20.0,RPGMaker,4.0,0.0,1.0,,very positive,single only,119.0,11.0,,,96.8,130.0,1,2022,0.16742855
1893620.0,Circadian Dice,2022-07-11,6500.0,6.0,6.0,Strategy,0.0,0.0,Roguelike Deckbuilder,1.0,0.0,0.0,,very positive,single only,192.0,9.0,224.6,359.0,,201.0,1,2022,0.9876509
1906020.0,Drums Rock,2022-06-03,20500.0,6.0,6.0,Action,1.0,9.0,VR,5.0,0.0,0.0,very positive,very positive,single only,90.0,2.0,3.2,15.0,89.2,92.0,1,2022,0.8704541
1918520.0,Ninja Village,2022-05-23,12000.0,2.0,2.0,Casual,0.0,6.0,Tactical RPG,6.0,0.0,0.0,very positive,very positive,single only,117.0,0.0,33.5,248.0,89.6,117.0,1,2022,0.9333991
1921760.0,Pocket Academy,2022-06-13,12000.0,2.0,2.0,Adventure,0.0,6.0,Simulation,6.0,0.0,0.0,very positive,very positive,single only,77.0,3.0,14.0,174.0,82.4,80.0,1,2022,0.8507747
1921780.0,The Sushi Spinnery,2022-05-23,12000.0,2.0,2.0,Casual,0.0,6.0,Simulation,6.0,0.0,0.0,very positive,very positive,single only,138.0,2.0,42.6,225.0,73.1,140.0,1,2022,0.066198766
1923670.0,Venture Towns,2022-05-23,12000.0,2.0,2.0,Casual,0.0,6.0,Simulation,10.0,0.0,0.0,,very positive,single only,70.0,4.0,12.6,82.0,81.9,74.0,1,2022,0.84246075
1927720.0,Monument Valley: Panoramic Edition,2022-07-12,8500.0,4.0,4.0,Adventure,0.0,19.0,Adventure,14.0,0.0,0.0,,very positive,single only,394.0,9.0,119.0,311.0,0.1,403.0,1,2022,0.99999964
1931240.0,MOTHERGUNSHIP: FORGE,2022-06-17,20500.0,5.0,5.0,Action,0.0,20.0,Action,6.0,0.0,0.0,very positive,very positive,single and multi,70.0,4.0,5.7,20.0,92.5,74.0,1,2022,0.97126913
1948280.0,Stacklands,2022-04-09,5500.0,2.0,2.0,Casual,0.0,16.0,Card Battler,12.0,0.0,0.0,overwhelmingly positive,overwhelmingly positive,single only,7853.0,300.0,1685.2,5135.0,99.0,8153.0,1,2022,0.83855116
1966900.0,20 Minutes Till Dawn,2022-06-08,3300.0,6.0,6.0,Action,1.0,26.0,Early Access,13.0,0.0,0.0,very positive,very positive,single only,9206.0,684.0,2889.7,12680.0,68.1,9890.0,1,2022,0.4325646
1969080.0,A Building Full of Cats,2022-07-08,2200.0,5.0,5.0,Casual,0.0,22.0,Cats,11.0,0.0,0.0,,very positive,single only,347.0,3.0,18.3,60.0,96.2,350.0,1,2022,0.9686343
1985260.0,Kinkoi: Golden Time,2022-07-15,31000.0,2.0,2.0,Adventure,0.0,15.0,Visual Novel,4.0,0.0,0.0,,very positive,single only,117.0,2.0,147.2,316.0,97.5,119.0,1,2022,0.9990683
1986230.0,What if your girl was a frog?,2022-06-04,1100.0,4.0,4.0,Casual,0.0,12.0,Sexual Content,14.0,0.0,1.0,very positive,very positive,single only,90.0,5.0,1.2,7.0,93.0,95.0,1,2022,0.9752231
1990260.0,Phantom Tentacle,2022-07-15,2200.0,4.0,4.0,Adventure,1.0,14.0,Early Access,28.0,0.0,1.0,,very positive,single only,93.0,7.0,4.4,14.0,96.3,100.0,1,2022,0.0009585917
1999360.0,Placid Plastic Duck Simulator,2022-07-06,2200.0,6.0,6.0,Casual,0.0,15.0,Immersive Sim,13.0,0.0,0.0,,overwhelmingly positive,single only,939.0,24.0,240.7,535.0,86.7,963.0,1,2022,0.004063934
2001570.0,Yakiniku simulator,2022-06-03,5500.0,6.0,6.0,Casual,0.0,20.0,Cooking,4.0,0.0,0.0,very positive,very positive,single only,185.0,9.0,9.0,135.0,54.0,194.0,1,2022,0.5140092
